Transect.Label,Sample.Label,Effort,X,Y,Forest_type,For_non,Near_Road,Near_Water
71,71_1,1.056756944,659328.7535,5105571,Hard,Forest,0.865263078,0.237220192
71,71_2,1.056756944,660385.5104,5105571,Mixed,Forest,0.121580767,0.295998376
71,71_3,1.056756944,661442.2674,5105571,Non_forest,Non,0.056409536,0.016874289
76,76_1,0.931020963,659265.8855,5108571,Soft,Forest,0.576123527,0.316241926
76,76_2,0.931020963,660196.9064,5108571,Mixed,Forest,0.053971074,0.050150701
76,76_3,0.931020963,661127.9274,5108571,Soft,Forest,0.766102234,0.269417785
76,76_4,0.931020963,662058.9484,5108571,Mixed,Forest,0.551616862,0.308984455
76,76_5,0.931020963,662989.9693,5108571,Mixed,Forest,0.811828127,0.014717163
76,76_6,0.931020963,663920.9903,5108571,Mixed,Forest,0.323989618,0.246993651
76,76_7,0.931020963,664852.0113,5108571,Mixed,Forest,0.207756051,0.229271168
80,80_1,1,649300.375,5111571,Soft,Forest,0.249374017,0.237852788
80,80_2,1,650300.375,5111571,Soft,Forest,0.149196634,0.033693246
80,80_3,1,651300.375,5111571,Soft,Forest,0.293208979,0.127195502
80,80_4,1,652300.375,5111571,Soft,Forest,0.375915813,0.056320098
80,80_5,1,653300.375,5111571,Hard,Forest,1.374795561,0.414529103
80,80_6,1,654300.375,5111571,Hard,Forest,1.638741213,0.502806947
80,80_7,1,655300.375,5111571,Hard,Forest,0.785472136,0.491287527
80,80_8,1,656300.375,5111571,Hard,Forest,0.131750447,0.321579648
80,80_9,1,657300.375,5111571,Mixed,Forest,0.106319242,0.300339813
84,84_1,1,649300.375,5114571,Soft,Forest,0.180537818,0.194542296
84,84_2,1,650300.375,5114571,Soft,Forest,0.268735722,0.192528891
84,84_3,1,651300.375,5114571,Soft,Forest,0.091861934,0.330790211
84,84_4,1,652300.375,5114571,Non_forest,Non,0.047964409,0.239613222
84,84_5,1,653300.375,5114571,Soft,Forest,0.224393867,0.260485901
84,84_6,1,654300.375,5114571,Mixed,Forest,0.380306939,0.197134551
84,84_7,1,655300.375,5114571,Mixed,Forest,0.241729498,0.206548203
84,84_8,1,656300.375,5114571,Mixed,Forest,0.332272757,0.401712369
84,84_9,1,657300.375,5114571,Mixed,Forest,0.060687738,0.17279553
88,88_1,1,649300.375,5117571,Mixed,Forest,0.068903133,0.458135604
88,88_2,1,650300.375,5117571,Hard,Forest,0.035163024,0.310140208
88,88_3,1,651300.375,5117571,Soft,Forest,0.304132107,0.273765815
88,88_4,1,652300.375,5117571,Soft,Forest,0.188249895,0.061857556
88,88_5,1,653300.375,5117571,Mixed,Forest,0.218150562,0.2494631
88,88_6,1,654300.375,5117571,Hard,Forest,0.202293562,0.262782891
88,88_7,1,655300.375,5117571,Mixed,Forest,0.597113112,0.228908103
88,88_8,1,656300.375,5117571,Mixed,Forest,1.584075085,0.146015451
88,88_9,1,657300.375,5117571,Soft,Forest,1.291696145,0.063657893
92,92_1,1,649300.375,5120571,Hard,Forest,0.334767178,0.051015335
92,92_2,1,650300.375,5120571,Mixed,Forest,0.13607705,0.390954816
92,92_3,1,651300.375,5120571,Soft,Forest,0.115602096,0.199217308
92,92_4,1,652300.375,5120571,Soft,Forest,0.227790524,0.434064538
92,92_5,1,653300.375,5120571,Soft,Forest,0.08825141,0.444124852
92,92_6,1,654300.375,5120571,Soft,Forest,0.068817431,0.390193846
92,92_7,1,655300.375,5120571,Mixed,Forest,0.713498037,0.191136158
92,92_8,1,656300.375,5120571,Hard,Forest,1.056580104,0.046997219
92,92_9,1,657300.375,5120571,Mixed,Forest,1.831696413,0.175156524
98,98_1,1.029699027,649315.2245,5126571,Soft,Forest,0.416790419,0.112144444
98,98_2,1.029699027,650344.9235,5126571,Mixed,Forest,1.03144028,0.309091736
98,98_3,1.029699027,651374.6226,5126571,Mixed,Forest,0.144621701,0.311333399
98,98_4,1.029699027,652404.3216,5126571,Hard,Forest,0.224498847,0.267813183
98,98_5,1.029699027,653434.0206,5126571,Hard,Forest,0.704071146,0.10934005
98,98_6,1.029699027,654463.7196,5126571,Mixed,Forest,1.470684542,0.096707164
98,98_7,1.029699027,655493.4187,5126571,Hard,Forest,1.42231147,0.044513291
98,98_8,1.029699027,656523.1177,5126571,Mixed,Forest,0.487479266,0.096171974
101,101_1,1.039387503,649320.0688,5129571,Hard,Forest,0.926344259,0.56432214
101,101_2,1.039387503,650359.4563,5129571,Mixed,Forest,0.420556595,0.28685351
101,101_3,1.039387503,651398.8438,5129571,Hard,Forest,0.355045686,0.056196369
101,101_4,1.039387503,652438.2313,5129571,Soft,Forest,0.331372143,0.423632588
101,101_5,1.039387503,653477.6188,5129571,Soft,Forest,0.247700728,0.126228786
101,101_6,1.039387503,654517.0063,5129571,Hard,Forest,0.38908746,0.269180862
101,101_7,1.039387503,655556.3938,5129571,Hard,Forest,0.49811393,0.713709664
104,104_1,0.996042411,639298.3962,5132571,Mixed,Forest,0.55450256,0.300353077
104,104_2,0.996042411,640294.4386,5132571,Mixed,Forest,0.008549358,0.31369627
104,104_3,0.996042411,641290.481,5132571,Mixed,Forest,0.011718229,0.249893167
104,104_4,0.996042411,642286.5234,5132571,Hard,Forest,0.806224377,0.176202875
104,104_5,0.996042411,643282.5658,5132571,Hard,Forest,0.841501597,0.323574945
104,104_6,0.996042411,644278.6083,5132571,Soft,Forest,0.390195753,0.273763989
104,104_7,0.996042411,645274.6507,5132571,Non_forest,Non,0.201045438,0.01381466
104,104_8,0.996042411,646270.6931,5132571,Non_forest,Non,0.005991277,0.264029192
105,105_1,1.050800227,640123.3956,5135571,Soft,Forest,0.328620746,0.030812346
105,105_2,1.050800227,641174.1959,5135571,Soft,Forest,0.67608394,0.302180376
105,105_3,1.050800227,642224.9961,5135571,Mixed,Forest,1.686356033,0.004657691
105,105_4,1.050800227,643275.7963,5135571,Mixed,Forest,0.966074739,0.367195727
105,105_5,1.050800227,644326.5966,5135571,Mixed,Forest,0.747886329,0.283587386
105,105_6,1.050800227,645377.3968,5135571,Mixed,Forest,0.103283413,0.11457898
105,105_7,1.050800227,646428.197,5135571,Soft,Forest,0.20248884,0.186757331
106,106_1,1.031670431,640911.3996,5138571,Soft,Forest,0.075950017,0.018556702
106,106_2,1.031670431,641943.0701,5138571,Hard,Forest,0.644984698,0.141485316
106,106_3,1.031670431,642974.7405,5138571,Mixed,Forest,1.293390837,0.073335681
106,106_4,1.031670431,644006.4109,5138571,Mixed,Forest,1.636905455,0.328797622
106,106_5,1.031670431,645038.0814,5138571,Mixed,Forest,0.90065739,0.083178628
106,106_6,1.031670431,646069.7518,5138571,Hard,Forest,1.024870432,0.095278352
106,106_7,1.031670431,647101.4222,5138571,Hard,Forest,0.475834528,0.04797758
107,107_1,0.918256876,642644.7495,5141571,Soft,Forest,0.310684663,0.252883316
107,107_2,0.918256876,643563.0064,5141571,Hard,Forest,0.585821143,0.241060419
107,107_3,0.918256876,644481.2633,5141571,Hard,Forest,0.99675036,0.376983365
107,107_4,0.918256876,645399.5202,5141571,Hard,Forest,0.18565641,0.094489603
107,107_5,0.918256876,646317.777,5141571,Mixed,Forest,0.126551155,0.312173235
109,109_1,1.202354779,665996.8428,5105571,Mixed,Forest,0.116076708,0.511915397
109,109_2,1.202354779,667199.1976,5105571,Mixed,Forest,0.437211227,0.065402584
111,111_1,1.073732194,669337.2411,5108571,Non_forest,Non,0.033137492,0.306691231
111,111_2,1.073732194,670410.9733,5108571,Soft,Forest,0.733320967,0.127055006
111,111_3,1.073732194,671484.7055,5108571,Soft,Forest,0.145050716,0.158002462
111,111_4,1.073732194,672558.4377,5108571,Soft,Forest,0.097446664,0.130195117
111,111_5,1.073732194,673632.1699,5108571,Mixed,Forest,0.044437278,0.255256977
111,111_6,1.073732194,674705.9021,5108571,Mixed,Forest,0.383638717,0.114460407
112,112_0,1.024769681,681362.2992,5111571,Soft,Forest,0.77415331,0.156667875
112,112_1,1.024769681,679312.7598,5111571,Soft,Forest,0.317141772,0.014220238
112,112_2,1.024769681,680337.5295,5111571,Soft,Forest,0.306764493,0.137267233
112,112_3,1.024769681,682387.0689,5111571,Soft,Forest,0.287374793,0.066103703
112,112_4,1.024769681,683411.8386,5111571,Mixed,Forest,0.117816016,0.011483317
113,113_1,1,669300.375,5111571,Mixed,Forest,0.247611422,0.071338018
113,113_2,1,670300.375,5111571,Non_forest,Non,0.226685831,0.018415823
113,113_3,1,671300.375,5111571,Soft,Forest,0.170212074,0.319380622
113,113_4,1,672300.375,5111571,Non_forest,Non,0.264056143,0.241305887
113,113_5,1,673300.375,5111571,Soft,Forest,0.241962538,0.109332791
113,113_6,1,674300.375,5111571,Mixed,Forest,0.056158777,0.349889164
113,113_7,1,675300.375,5111571,Mixed,Forest,0.554674214,0.14552024
113,113_8,1,676300.375,5111571,Soft,Forest,0.724208391,0.203123955
113,113_9,1,677300.375,5111571,Mixed,Forest,0.04454355,0.028852204
114,114_1,1.017373975,662204.8181,5111571,Mixed,Forest,0.468561363,0.118254419
114,114_2,1.017373975,663222.1921,5111571,Mixed,Forest,0.080591993,0.250459504
114,114_3,1.017373975,664239.5661,5111571,Mixed,Forest,0.707335489,0.213651199
114,114_4,1.017373975,665256.9401,5111571,Non_forest,Non,0.35008954,0.176244061
114,114_5,1.017373975,666274.314,5111571,Mixed,Forest,0.659064166,0.006117872
114,114_6,1.017373975,667291.688,5111571,Mixed,Forest,0.718194246,0.15797241
116,116_1,0.952503038,679276.6265,5114571,Hard,Forest,0.569251986,0.488130011
116,116_2,0.952503038,680229.1296,5114571,Mixed,Forest,0.019124978,0.137660819
116,116_3,0.952503038,681181.6326,5114571,Mixed,Forest,0.19375394,0.051098554
116,116_4,0.952503038,682134.1356,5114571,Mixed,Forest,0.24909357,0.024492501
116,116_5,0.952503038,683086.6387,5114571,Soft,Forest,0.419739288,0.253758081
116,116_6,0.952503038,684039.1417,5114571,Mixed,Forest,1.287702278,0.110111626
116,116_7,0.952503038,684991.6447,5114571,Mixed,Forest,0.880974326,0.403340914
116,116_8,0.952503038,685944.1478,5114571,Mixed,Forest,0.058158682,0.01577569
117,117_1,1,669300.375,5114571,Hard,Forest,1.226809467,0.530975189
117,117_2,1,670300.375,5114571,Mixed,Forest,0.331378282,0.226342804
117,117_3,1,671300.375,5114571,Non_forest,Non,0.067919292,0.16623662
117,117_4,1,672300.375,5114571,Soft,Forest,0.016687307,0.022701463
117,117_5,1,673300.375,5114571,Hard,Forest,0.375639918,0.06646019
117,117_6,1,674300.375,5114571,Mixed,Forest,0.055300547,0.354696123
117,117_7,1,675300.375,5114571,Mixed,Forest,0.115190705,0.296880308
117,117_8,1,676300.375,5114571,Soft,Forest,0.058767111,0.326870004
117,117_9,1,677300.375,5114571,Soft,Forest,0.616600755,0.120265088
118,118_1,0.966659657,660550.4276,5114571,Mixed,Forest,0.464047369,0.00115271
118,118_2,0.966659657,661517.0872,5114571,Soft,Forest,0.00498709,0.105847261
118,118_3,0.966659657,662483.7469,5114571,Mixed,Forest,0.5470166,0.2629909
118,118_4,0.966659657,663450.4065,5114571,Soft,Forest,1.066943988,0.152687748
118,118_5,0.966659657,664417.0662,5114571,Mixed,Forest,0.321169845,0.002713938
118,118_6,0.966659657,665383.7259,5114571,Soft,Forest,0.090887637,0.144105998
118,118_7,0.966659657,666350.3855,5114571,Soft,Forest,0.334940284,0.083258369
118,118_8,0.966659657,667317.0452,5114571,Soft,Forest,0.014437605,0.196076788
120,120_1,1,679300.375,5117571,Soft,Forest,0.817681052,0.338057328
120,120_2,1,680300.375,5117571,Hard,Forest,1.814759631,0.467031132
120,120_3,1,681300.375,5117571,Mixed,Forest,1.517309645,0.359783653
120,120_4,1,682300.375,5117571,Hard,Forest,0.564782192,0.331342142
120,120_5,1,683300.375,5117571,Mixed,Forest,0.28527578,0.10029272
120,120_6,1,684300.375,5117571,Soft,Forest,0.181650385,0.020784777
120,120_7,1,685300.375,5117571,Soft,Forest,0.50829089,0.253923186
120,120_8,1,686300.375,5117571,Non_forest,Non,0.95182631,0.008583486
120,120_9,1,687300.375,5117571,Mixed,Forest,0.252194402,0.351919219
121,121_1,1,669300.375,5117571,Mixed,Forest,1.161649234,0.204374866
121,121_2,1,670300.375,5117571,Hard,Forest,0.751162161,0.094895295
121,121_3,1,671300.375,5117571,Hard,Forest,0.1834963,0.09828885
121,121_4,1,672300.375,5117571,Soft,Forest,0.342578591,0.467623906
121,121_5,1,673300.375,5117571,Soft,Forest,0.437624716,0.149214354
121,121_6,1,674300.375,5117571,Mixed,Forest,0.10837504,0.013797096
121,121_7,1,675300.375,5117571,Soft,Forest,0.156375405,0.353497611
121,121_8,1,676300.375,5117571,Soft,Forest,0.096728357,0.070321281
121,121_9,1,677300.375,5117571,Hard,Forest,0.781452615,0.293750062
122,122_1,1.023848762,660121.5093,5117571,Mixed,Forest,0.321803918,0.196190707
122,122_2,1.023848762,661145.358,5117571,Soft,Forest,0.253597944,0.029660921
122,122_3,1.023848762,662169.2068,5117571,Non_forest,Non,0.606937226,0.004395695
122,122_4,1.023848762,663193.0556,5117571,Hard,Forest,0.191666358,0.142554036
122,122_5,1.023848762,664216.9043,5117571,Mixed,Forest,1.16685681,0.205097744
122,122_6,1.023848762,665240.7531,5117571,Soft,Forest,1.339479345,0.104445319
122,122_7,1.023848762,666264.6019,5117571,Non_forest,Non,0.317274084,0.690600693
122,122_8,1.023848762,667288.4506,5117571,Soft,Forest,0.188314635,0.162800046
124,124_1,0.996278827,679298.5144,5120571,Mixed,Forest,1.066125814,0.061022924
124,124_2,0.996278827,680294.7932,5120571,Mixed,Forest,1.893283835,0.499281805
124,124_3,0.996278827,681291.0721,5120571,Hard,Forest,1.169989877,0.437903026
124,124_4,0.996278827,682287.3509,5120571,Mixed,Forest,0.916466768,0.298184144
124,124_5,0.996278827,683283.6297,5120571,Non_forest,Non,0.273837958,0.369843862
125,125_1,1,669300.375,5120571,Soft,Forest,0.014689095,0.048233447
125,125_2,1,670300.375,5120571,Soft,Forest,0.012891618,0.225178594
125,125_3,1,671300.375,5120571,Hard,Forest,0.838313622,0.224074541
125,125_4,1,672300.375,5120571,Mixed,Forest,0.127018088,0.02726888
125,125_5,1,673300.375,5120571,Mixed,Forest,0.671332007,0.193785319
125,125_6,1,674300.375,5120571,Soft,Forest,0.637298218,0.099135343
125,125_7,1,675300.375,5120571,Mixed,Forest,1.246665123,0.146442347
125,125_8,1,676300.375,5120571,Mixed,Forest,0.655250074,0.015405585
125,125_9,1,677300.375,5120571,Mixed,Forest,0.185237381,0.112306661
126,126_1,0.971049404,660517.5045,5120571,Non_forest,Non,0.482151573,0.147854271
126,126_2,0.971049404,661488.5539,5120571,Mixed,Forest,0.921177048,0.009990492
126,126_3,0.971049404,662459.6033,5120571,Soft,Forest,1.126934845,0.162503262
126,126_4,0.971049404,663430.6527,5120571,Mixed,Forest,1.852507169,0.052204656
126,126_5,0.971049404,664401.7021,5120571,Mixed,Forest,2.717635061,0.261365409
126,126_6,0.971049404,665372.7515,5120571,Mixed,Forest,1.831303452,0.067007334
126,126_7,0.971049404,666343.8009,5120571,Mixed,Forest,1.015607572,0.0776695
126,126_8,0.971049404,667314.8503,5120571,Soft,Forest,0.630242807,0.216963188
129,129_1,1.0704066,679335.5783,5123571,Soft,Forest,1.861519949,0.283023143
129,129_2,1.0704066,680405.9849,5123571,Soft,Forest,2.368012479,0.248768953
129,129_3,1.0704066,681476.3915,5123571,Mixed,Forest,1.681620471,0.211873982
129,129_4,1.0704066,682546.7981,5123571,Hard,Forest,0.86054552,0.170526794
129,129_5,1.0704066,683617.2047,5123571,Soft,Forest,0.335052852,0.509940334
129,129_6,1.0704066,684687.6113,5123571,Non_forest,Non,0.253755561,0.108831268
130,130_1,1,669300.375,5123571,Mixed,Forest,0.558160382,0.069946396
130,130_2,1,670300.375,5123571,Mixed,Forest,1.156846098,0.239194561
130,130_3,1,671300.375,5123571,Mixed,Forest,1.115335376,0.448011685
130,130_4,1,672300.375,5123571,Mixed,Forest,0.803101294,0.079918056
130,130_5,1,673300.375,5123571,Soft,Forest,0.148917616,0.312529934
130,130_6,1,674300.375,5123571,Soft,Forest,0.146492174,0.534101294
130,130_7,1,675300.375,5123571,Mixed,Forest,0.544490704,0.075373802
130,130_8,1,676300.375,5123571,Mixed,Forest,0.928378348,0.407410283
130,130_9,1,677300.375,5123571,Soft,Forest,0.146666614,0.268821501
131,131_1,1,659300.375,5123571,Hard,Forest,0.659215514,0.183154305
131,131_2,1,660300.375,5123571,Mixed,Forest,1.074399947,0.081424045
131,131_3,1,661300.375,5123571,Mixed,Forest,1.656829833,0.138539075
131,131_4,1,662300.375,5123571,Hard,Forest,1.460684971,0.027248716
131,131_5,1,663300.375,5123571,Mixed,Forest,0.541099976,0.259632979
131,131_6,1,664300.375,5123571,Soft,Forest,0.309494245,0.088337282
131,131_7,1,665300.375,5123571,Mixed,Forest,0.119560765,0.333248956
131,131_8,1,666300.375,5123571,Soft,Forest,0.764482184,0.25666044
131,131_9,1,667300.375,5123571,Soft,Forest,0.682123963,0.416261663
133,133_1,1.100138194,679350.4441,5126571,Mixed,Forest,2.25741165,0.05741815
133,133_2,1.100138194,680450.5823,5126571,Hard,Forest,1.277341386,0.318444379
133,133_3,1.100138194,681550.7205,5126571,Soft,Forest,0.487704713,0.216093912
133,133_4,1.100138194,682650.8587,5126571,Mixed,Forest,0.278632514,0.156748284
133,133_5,1.100138194,683750.9969,5126571,Soft,Forest,0.225827792,0.049940842
134,134_1,1,669300.375,5126571,Mixed,Forest,0.597148416,0.019495594
134,134_2,1,670300.375,5126571,Soft,Forest,0.117122543,0.404170582
134,134_3,1,671300.375,5126571,Soft,Forest,0.006633237,0.312554568
134,134_4,1,672300.375,5126571,Soft,Forest,0.326014057,0.186618551
134,134_5,1,673300.375,5126571,Soft,Forest,0.046132726,0.212898104
134,134_6,1,674300.375,5126571,Soft,Forest,0.521955762,0.00917149
134,134_7,1,675300.375,5126571,Soft,Forest,1.056024608,0.247463509
134,134_8,1,676300.375,5126571,Non_forest,Non,0.396508789,0.010036584
134,134_9,1,677300.375,5126571,Soft,Forest,0.45782418,0.113431629
135,135_1,1,659300.375,5126571,Soft,Forest,0.065550677,0.279087733
135,135_2,1,660300.375,5126571,Mixed,Forest,0.19546822,0.226633276
135,135_3,1,661300.375,5126571,Mixed,Forest,0.863677035,0.021400935
135,135_4,1,662300.375,5126571,Hard,Forest,1.13461409,0.101051297
135,135_5,1,663300.375,5126571,Mixed,Forest,0.268512858,0.166536263
135,135_6,1,664300.375,5126571,Soft,Forest,0.155170199,0.09213693
135,135_7,1,665300.375,5126571,Soft,Forest,0.058980782,0.159922753
135,135_8,1,666300.375,5126571,Non_forest,Non,0.461692706,0.175106286
135,135_9,1,667300.375,5126571,Soft,Forest,0.174299959,0.376627703
137,137_1,0.994531413,690341.3894,5129571,Soft,Forest,0.366902758,0.276127241
137,137_2,0.994531413,691335.9208,5129571,Mixed,Forest,0.478569774,0.118156053
137,137_3,0.994531413,692330.4522,5129571,Soft,Forest,1.070408796,0.138631521
137,137_4,0.994531413,693324.9836,5129571,Mixed,Forest,1.778702841,0.238725879
137,137_5,0.994531413,694319.5151,5129571,Non_forest,Non,2.476246067,0.06761161
137,137_6,0.994531413,695314.0465,5129571,Soft,Forest,1.554725827,0.222825837
137,137_7,0.994531413,696308.5779,5129571,Soft,Forest,0.561563316,0.254164326
137,137_8,0.994531413,697303.1093,5129571,Non_forest,Non,0.072521109,0.010124603
138,138_1,0.921215155,684576.122,5129571,Hard,Forest,0.444480666,0.088656725
138,138_2,0.921215155,685497.3371,5129571,Soft,Forest,1.318962436,0.073132662
138,138_3,0.921215155,686418.5523,5129571,Mixed,Forest,1.377106987,0.199859203
138,138_4,0.921215155,687339.7674,5129571,Mixed,Forest,0.606900807,0.092281723
139,139_1,0.977145915,679288.948,5129571,Soft,Forest,1.276662602,0.241484891
139,139_2,0.977145915,680266.0939,5129571,Mixed,Forest,1.100846317,0.077319882
139,139_3,0.977145915,681243.2398,5129571,Mixed,Forest,0.309208666,0.281844203
139,139_4,0.977145915,682220.3857,5129571,Mixed,Forest,0.441047729,0.107636065
139,139_5,0.977145915,683197.5316,5129571,Soft,Forest,0.288010115,0.233909083
140,140_1,1,669300.375,5129571,Non_forest,Non,0.040300659,0.189641407
140,140_2,1,670300.375,5129571,Soft,Forest,0.2187348,0.107529195
140,140_3,1,671300.375,5129571,Non_forest,Non,0.474284275,0.014247964
140,140_4,1,672300.375,5129571,Soft,Forest,0.16144788,0.304385636
140,140_5,1,673300.375,5129571,Soft,Forest,0.14276553,0.132530679
140,140_6,1,674300.375,5129571,Non_forest,Non,0.592268048,0.111315824
140,140_7,1,675300.375,5129571,Soft,Forest,0.038924291,0.159949239
140,140_8,1,676300.375,5129571,Non_forest,Non,0.532692856,0.001514761
140,140_9,1,677300.375,5129571,Soft,Forest,0.00559055,0.218059983
141,141_1,1,659300.375,5129571,Mixed,Forest,0.439242788,0.014972596
141,141_2,1,660300.375,5129571,Mixed,Forest,0.152807679,0.135194358
141,141_3,1,661300.375,5129571,Mixed,Forest,0.440437383,0.013852186
141,141_4,1,662300.375,5129571,Mixed,Forest,0.400419216,0.111284613
141,141_5,1,663300.375,5129571,Mixed,Forest,0.624301898,0.25425737
141,141_6,1,664300.375,5129571,Hard,Forest,0.93818156,0.143866524
141,141_7,1,665300.375,5129571,Mixed,Forest,0.359213056,0.029129295
141,141_8,1,666300.375,5129571,Mixed,Forest,0.548668461,0.08960511
141,141_9,1,667300.375,5129571,Soft,Forest,0.176222682,0.134922953
143,143_1,1,679300.375,5132571,Hard,Forest,0.841300654,0.138267132
143,143_2,1,680300.375,5132571,Hard,Forest,0.336163587,0.406929869
143,143_3,1,681300.375,5132571,Mixed,Forest,0.023184795,0.449803342
143,143_4,1,682300.375,5132571,Soft,Forest,0.564104926,0.185795817
143,143_5,1,683300.375,5132571,Non_forest,Non,0.841102001,0.605535553
143,143_6,1,684300.375,5132571,Soft,Forest,0.087757821,0.051651987
143,143_7,1,685300.375,5132571,Hard,Forest,1.084587979,0.10760776
143,143_8,1,686300.375,5132571,Soft,Forest,1.906285608,0.151403541
143,143_9,1,687300.375,5132571,Mixed,Forest,1.624811002,0.005321701
144,144_1,1,669300.375,5132571,Soft,Forest,0.001443999,0.119262589
144,144_2,1,670300.375,5132571,Soft,Forest,0.08576654,0.310326785
144,144_3,1,671300.375,5132571,Soft,Forest,0.301124757,0.38581161
144,144_4,1,672300.375,5132571,Soft,Forest,0.243930735,0.256986789
144,144_5,1,673300.375,5132571,Soft,Forest,0.203740295,0.044993814
144,144_6,1,674300.375,5132571,Soft,Forest,0.13963686,0.009229715
144,144_7,1,675300.375,5132571,Hard,Forest,0.038222539,0.205426855
144,144_8,1,676300.375,5132571,Mixed,Forest,0.162060022,0.041764589
144,144_9,1,677300.375,5132571,Non_forest,Non,0.522651653,0.163343437
145,145_1,1,659300.375,5132571,Hard,Forest,0.198180266,0.041014851
145,145_2,1,660300.375,5132571,Soft,Forest,0.107278327,0.414074434
145,145_3,1,661300.375,5132571,Soft,Forest,0.112338693,0.007309885
145,145_4,1,662300.375,5132571,Soft,Forest,0.129422855,0.152360818
145,145_5,1,663300.375,5132571,Soft,Forest,0.390991839,0.104435221
145,145_6,1,664300.375,5132571,Soft,Forest,0.209419594,0.255011762
145,145_7,1,665300.375,5132571,Soft,Forest,0.389881131,0.097318787
145,145_8,1,666300.375,5132571,Soft,Forest,0.234584277,0.059534861
145,145_9,1,667300.375,5132571,Non_forest,Non,0.020266795,0.246508484
146,146_1,1,679300.375,5135571,Non_forest,Non,0.097646299,0.039584414
146,146_2,1,680300.375,5135571,Soft,Forest,0.20409457,0.04312378
146,146_3,1,681300.375,5135571,Mixed,Forest,0.849630613,0.156325598
146,146_4,1,682300.375,5135571,Mixed,Forest,1.75436322,0.266649679
146,146_5,1,683300.375,5135571,Hard,Forest,0.823771165,0.003674898
146,146_6,1,684300.375,5135571,Mixed,Forest,0.119415448,0.082735255
146,146_7,1,685300.375,5135571,Mixed,Forest,0.89772703,0.407474164
146,146_8,1,686300.375,5135571,Mixed,Forest,0.257880064,0.210366779
146,146_9,1,687300.375,5135571,Mixed,Forest,0.292528979,0.014431462
147,147_1,1,669300.375,5135571,Non_forest,Non,0.262667322,0.155132665
147,147_2,1,670300.375,5135571,Soft,Forest,0.329726624,0.081006485
147,147_3,1,671300.375,5135571,Soft,Forest,0.171302823,0.065910601
147,147_4,1,672300.375,5135571,Non_forest,Non,0.200464656,0.105296103
147,147_5,1,673300.375,5135571,Soft,Forest,0.038302257,0.537714826
147,147_6,1,674300.375,5135571,Soft,Forest,0.487637504,0.087738844
147,147_7,1,675300.375,5135571,Mixed,Forest,0.602260885,0.060343245
147,147_8,1,676300.375,5135571,Mixed,Forest,0.543087002,0.305801184
147,147_9,1,677300.375,5135571,Mixed,Forest,1.482462037,0.153536529
148,148_1,1,659300.375,5135571,Mixed,Forest,0.749057502,0.134926964
148,148_2,1,660300.375,5135571,Mixed,Forest,0.420155678,0.166778487
148,148_3,1,661300.375,5135571,Mixed,Forest,0.429332722,0.025014834
148,148_4,1,662300.375,5135571,Mixed,Forest,0.397558171,0.039452832
148,148_5,1,663300.375,5135571,Soft,Forest,0.027396874,0.153055422
148,148_6,1,664300.375,5135571,Soft,Forest,0.28857166,0.050651184
148,148_7,1,665300.375,5135571,Soft,Forest,0.142332881,0.2570852
148,148_8,1,666300.375,5135571,Non_forest,Non,0.074076383,0.252271518
148,148_9,1,667300.375,5135571,Non_forest,Non,0.124691482,0.113340715
150,150_1,1,669300.375,5138571,Soft,Forest,0.192126617,0.121461884
150,150_2,1,670300.375,5138571,Non_forest,Non,0.103124551,0.146128919
150,150_3,1,671300.375,5138571,Soft,Forest,0.374296102,0.500502845
150,150_4,1,672300.375,5138571,Soft,Forest,0.160087154,0.096142275
150,150_5,1,673300.375,5138571,Soft,Forest,0.027546237,0.221063921
150,150_6,1,674300.375,5138571,Soft,Forest,0.338246281,0.007760111
150,150_7,1,675300.375,5138571,Soft,Forest,0.173505269,0.210527835
150,150_8,1,676300.375,5138571,Mixed,Forest,0.083616307,0.075758486
150,150_9,1,677300.375,5138571,Soft,Forest,0.044301928,0.001266314
152,152_1,0.99932,649300.0344,5132571,Mixed,Forest,0.057358844,0.037976394
152,152_2,0.99932,650299.3533,5132571,Soft,Forest,0.071749879,0.330150907
152,152_3,0.99932,651298.6722,5132571,Hard,Forest,0.622223759,0.480483581
152,152_4,0.99932,652297.9911,5132571,Hard,Forest,0.570937218,0.002854436
152,152_5,0.99932,653297.31,5132571,Soft,Forest,0.245957791,0.086292403
153,153_1,0.98065,659290.6985,5138571,Mixed,Forest,0.676858672,0.116564831
153,153_2,0.98065,660271.3456,5138571,Hard,Forest,0.8176336,0.09857414
153,153_3,0.98065,661251.9927,5138571,Soft,Forest,0.025938215,0.312741138
153,153_4,0.98065,662232.6398,5138571,Soft,Forest,0.053896069,0.149096474
153,153_5,0.98065,663213.2869,5138571,Soft,Forest,0.298213187,0.13475068
153,153_6,0.98065,664193.934,5138571,Non_forest,Non,0.371805977,0.165046807
153,153_7,0.98065,665174.5811,5138571,Soft,Forest,0.096008958,0.264735637
153,153_8,0.98065,666155.2282,5138571,Soft,Forest,0.014664305,0.097661711
154,154_1,1,649300.375,5138571,Soft,Forest,0.143533736,0.202841742
154,154_2,1,650300.375,5138571,Mixed,Forest,0.348307625,0.056569607
154,154_3,1,651300.375,5138571,Mixed,Forest,0.588392136,0.002239918
154,154_4,1,652300.375,5138571,Mixed,Forest,0.311927586,0.214246433
154,154_5,1,653300.375,5138571,Hard,Forest,0.121038961,0.03369323
154,154_6,1,654300.375,5138571,Soft,Forest,0.024143978,0.11131694
154,154_7,1,655300.375,5138571,Non_forest,Non,0.008878238,0.076801225
154,154_8,1,656300.375,5138571,Soft,Forest,0.107869386,0.604496737
154,154_9,1,657300.375,5138571,Soft,Forest,0.005976599,0.040720803
155,155_1,1.1111,689355.927,5141571,Hard,Forest,2.240434059,0.092589435
155,155_2,1.1111,690467.0311,5141571,Mixed,Forest,1.686933313,0.015767602
155,155_3,1.1111,691578.1351,5141571,Soft,Forest,0.772998918,0.016083751
155,155_4,1.1111,692689.2391,5141571,Soft,Forest,0.139387565,0.172218872
156,156_1,0.95476,681594.442,5141571,Soft,Forest,1.923113075,0.456807429
156,156_2,0.95476,682549.2009,5141571,Soft,Forest,2.468748018,0.27820388
156,156_3,0.95476,683503.9598,5141571,Non_forest,Non,3.210939268,0.188553038
156,156_4,0.95476,684458.7188,5141571,Soft,Forest,4.039355902,0.034295179
156,156_5,0.95476,685413.4777,5141571,Mixed,Forest,4.856189131,0.376390548
156,156_6,0.95476,686368.2366,5141571,Non_forest,Non,4.464543369,0.170906558
156,156_7,0.95476,687322.9955,5141571,Soft,Forest,3.672999871,0.057079441
157,157_1,1,659300.375,5141571,Mixed,Forest,0.463634688,0.094153634
157,157_2,1,660300.375,5141571,Mixed,Forest,0.477841599,0.405406143
157,157_3,1,661300.375,5141571,Hard,Forest,0.359798078,0.033671475
157,157_4,1,662300.375,5141571,Soft,Forest,0.341096197,0.111598147
157,157_5,1,663300.375,5141571,Soft,Forest,0.186607038,0.221625845
157,157_6,1,664300.375,5141571,Soft,Forest,0.171436824,0.412966068
157,157_7,1,665300.375,5141571,Non_forest,Non,0.029101629,0.157492762
157,157_8,1,666300.375,5141571,Non_forest,Non,0.009932369,0.155211218
157,157_9,1,667300.375,5141571,Soft,Forest,0.366085093,0.295900272
158,158_1,1,649300.375,5141571,Mixed,Forest,1.10044601,0.24834339
158,158_2,1,650300.375,5141571,Mixed,Forest,0.163120627,0.103171289
158,158_3,1,651300.375,5141571,Hard,Forest,0.253082674,0.135449293
158,158_4,1,652300.375,5141571,Mixed,Forest,0.396092522,0.147089732
158,158_5,1,653300.375,5141571,Hard,Forest,0.787808622,0.081320443
158,158_6,1,654300.375,5141571,Mixed,Forest,0.190271086,0.273051944
158,158_7,1,655300.375,5141571,Mixed,Forest,1.190054211,9.65E-05
158,158_8,1,656300.375,5141571,Hard,Forest,0.941960715,0.173264629
158,158_9,1,657300.375,5141571,Mixed,Forest,1.222408186,0.153756192
159,159_1,1.04304,689321.8958,5144571,Hard,Forest,3.535356032,0.181090286
159,159_2,1.04304,690364.9375,5144571,Non_forest,Non,2.532756969,0.309712197
159,159_3,1.04304,691407.9792,5144571,Non_forest,Non,1.583302066,0.003091485
159,159_4,1.04304,692451.0208,5144571,Mixed,Forest,0.66518306,0.052208086
159,159_5,1.04304,693494.0625,5144571,Soft,Forest,0.017331672,0.338189149
159,159_6,1.04304,694537.1042,5144571,Non_forest,Non,0.009796134,0.035878998
160,160_1,0.9774,680469.8452,5144571,Mixed,Forest,0.882344116,0.400652923
160,160_2,0.9774,681447.2492,5144571,Non_forest,Non,1.613516856,0.083042112
160,160_3,0.9774,682424.6532,5144571,Non_forest,Non,2.51773297,0.080499264
160,160_4,0.9774,683402.0571,5144571,Non_forest,Non,3.46195876,0.043871929
160,160_5,0.9774,684379.4611,5144571,Soft,Forest,4.420630638,0.332418203
160,160_6,0.9774,685356.8651,5144571,Soft,Forest,5.386040213,0.310221898
160,160_7,0.9774,686334.269,5144571,Non_forest,Non,6.318383178,0.015794218
160,160_8,0.9774,687311.673,5144571,Non_forest,Non,5.497900115,0.007669088
161,161_1,1.05268,669326.714,5144571,Non_forest,Non,0.273178869,0.081489695
161,161_2,1.05268,670379.3919,5144571,Soft,Forest,0.567343878,0.411409293
161,161_3,1.05268,671432.0698,5144571,Soft,Forest,0.151596092,0.060768486
161,161_4,1.05268,672484.7477,5144571,Soft,Forest,0.053686619,0.229341492
161,161_5,1.05268,673537.4256,5144571,Non_forest,Non,0.306187316,0.705704951
161,161_6,1.05268,674590.1035,5144571,Soft,Forest,0.377489594,0.239200566
161,161_7,1.05268,675642.7814,5144571,Non_forest,Non,0.495720419,0.037880151
162,162_1,1,659300.375,5144571,Hard,Forest,0.511624735,0.194061464
162,162_2,1,660300.375,5144571,Hard,Forest,0.352440185,0.286500125
162,162_3,1,661300.375,5144571,Hard,Forest,0.455514936,0.191978778
162,162_4,1,662300.375,5144571,Mixed,Forest,0.032291559,0.403425839
162,162_5,1,663300.375,5144571,Soft,Forest,0.158067294,0.074257678
162,162_6,1,664300.375,5144571,Non_forest,Non,0.460591702,0.284502324
162,162_7,1,665300.375,5144571,Soft,Forest,0.056589648,0.08673086
162,162_8,1,666300.375,5144571,Soft,Forest,0.155863988,0.289200406
162,162_9,1,667300.375,5144571,Non_forest,Non,0.121143166,0.610808944
163,163_1,1,649300.375,5144571,Mixed,Forest,0.874208364,0.430055382
163,163_2,1,650300.375,5144571,Soft,Forest,0.058451987,0.078304685
163,163_3,1,651300.375,5144571,Mixed,Forest,0.272294141,0.217209262
163,163_4,1,652300.375,5144571,Hard,Forest,0.025728099,0.160214948
163,163_5,1,653300.375,5144571,Mixed,Forest,0.397092358,0.098935885
163,163_6,1,654300.375,5144571,Mixed,Forest,0.30412372,0.075884323
163,163_7,1,655300.375,5144571,Soft,Forest,0.364808026,0.002027319
163,163_8,1,656300.375,5144571,Hard,Forest,0.601810359,0.080772228
163,163_9,1,657300.375,5144571,Hard,Forest,0.926049656,0.208024421
164,164_1,1.15434,646068.8666,5144571,Non_forest,Non,0.103361133,0.175716529
164,164_2,1.15434,647223.2055,5144571,Soft,Forest,0.137372312,0.283984725
165,165_3,1.05061,689325.6825,5147571,Soft,Forest,3.921473101,0.047238419
165,165_4,1.05061,690376.2975,5147571,Non_forest,Non,2.977266766,0.106924704
165,165_5,1.05061,691426.9124,5147571,Non_forest,Non,2.13491629,0.269429781
165,165_6,1.05061,692477.5274,5147571,Soft,Forest,1.568183974,0.217861817
165,165_7,1.05061,693528.1424,5147571,Mixed,Forest,0.739033657,0.519722464
165,165_8,1.05061,694578.7574,5147571,Mixed,Forest,0.076955362,0.13584546
166,166_1,1,679300.375,5147571,Non_forest,Non,0.297756036,0.002201621
166,166_2,1,680300.375,5147571,Soft,Forest,0.059157793,0.677265476
166,166_3,1,681300.375,5147571,Soft,Forest,0.864035491,0.176795186
166,166_4,1,682300.375,5147571,Non_forest,Non,1.838289282,0.396116889
166,166_5,1,683300.375,5147571,Soft,Forest,2.827126398,0.019715406
166,166_6,1,684300.375,5147571,Mixed,Forest,3.748973367,0.263133473
166,166_7,1,685300.375,5147571,Soft,Forest,4.653122728,0.375322772
166,166_8,1,686300.375,5147571,Soft,Forest,5.590017973,0.396954138
166,166_9,1,687300.375,5147571,Hard,Forest,5.845048072,0.002166325
167,167_1,1,669300.375,5147571,Soft,Forest,0.239925212,0.021263503
167,167_2,1,670300.375,5147571,Non_forest,Non,0.247040941,0.15104242
167,167_3,1,671300.375,5147571,Non_forest,Non,0.293000047,0.099414052
167,167_4,1,672300.375,5147571,Non_forest,Non,0.169070258,0.004534294
167,167_5,1,673300.375,5147571,Soft,Forest,0.3835269,0.68070509
167,167_6,1,674300.375,5147571,Soft,Forest,0.074307803,0.209367667
167,167_7,1,675300.375,5147571,Mixed,Forest,1.020917142,0.135410941
167,167_8,1,676300.375,5147571,Soft,Forest,0.357153801,0.123925422
167,167_9,1,677300.375,5147571,Soft,Forest,0.617819676,0.040592444
168,168_1,1,659300.375,5147571,Hard,Forest,0.31234973,0.077087946
168,168_2,1,660300.375,5147571,Non_forest,Non,0.062905616,0.016242998
168,168_3,1,661300.375,5147571,Hard,Forest,0.98191898,0.082506637
168,168_4,1,662300.375,5147571,Soft,Forest,0.012155397,0.181826486
168,168_5,1,663300.375,5147571,Mixed,Forest,0.635869389,0.038673734
168,168_6,1,664300.375,5147571,Mixed,Forest,0.629885058,0.091298552
168,168_7,1,665300.375,5147571,Mixed,Forest,0.542780182,0.041696555
168,168_8,1,666300.375,5147571,Soft,Forest,0.103159808,0.229816687
168,168_9,1,667300.375,5147571,Soft,Forest,0.122559655,0.059289235
169,169_1,1,649300.375,5147571,Mixed,Forest,0.57473237,0.119076905
169,169_2,1,650300.375,5147571,Mixed,Forest,1.297330823,0.263058457
169,169_3,1,651300.375,5147571,Mixed,Forest,2.039857637,0.185212173
169,169_4,1,652300.375,5147571,Mixed,Forest,1.135771624,0.329281098
169,169_5,1,653300.375,5147571,Soft,Forest,0.169490187,0.201069405
169,169_6,1,654300.375,5147571,Soft,Forest,0.053905712,0.119419797
169,169_7,1,655300.375,5147571,Soft,Forest,0.032526319,0.058784023
169,169_8,1,656300.375,5147571,Hard,Forest,0.079271088,0.106002488
169,169_9,1,657300.375,5147571,Soft,Forest,0.21601569,0.388095381
170,170_1,1.05184,689326.2964,5150571,Soft,Forest,5.143697205,0.165741862
170,170_2,1.05184,690378.1392,5150571,Soft,Forest,4.225399956,0.05318462
170,170_3,1.05184,691429.9821,5150571,Non_forest,Non,3.385725135,0.125749409
170,170_4,1.05184,692481.8249,5150571,Soft,Forest,2.699076113,0.257017665
170,170_5,1.05184,693533.6677,5150571,Soft,Forest,1.913707416,0.008374127
170,170_6,1.05184,694585.5105,5150571,Hard,Forest,1.02004921,0.308753972
170,170_7,1.05184,695637.3534,5150571,Non_forest,Non,0.030907767,0.127868791
171,171_1,1,679300.375,5150571,Soft,Forest,0.184192072,0.150335182
171,171_2,1,680300.375,5150571,Soft,Forest,0.164131337,0.199083964
171,171_3,1,681300.375,5150571,Mixed,Forest,0.537026873,0.410189101
171,171_4,1,682300.375,5150571,Soft,Forest,1.489680433,0.032075105
171,171_5,1,683300.375,5150571,Soft,Forest,2.479898733,0.090331908
171,171_6,1,684300.375,5150571,Non_forest,Non,3.236656139,0.013615844
171,171_7,1,685300.375,5150571,Soft,Forest,3.524300337,0.046500129
171,171_8,1,686300.375,5150571,Mixed,Forest,4.045422447,0.021342904
171,171_9,1,687300.375,5150571,Soft,Forest,4.723366668,0.234747335
172,172_1,1,669300.375,5150571,Soft,Forest,0.036985218,0.488355916
172,172_2,1,670300.375,5150571,Soft,Forest,0.130847619,0.121300193
172,172_3,1,671300.375,5150571,Soft,Forest,0.142131937,0.191362424
172,172_4,1,672300.375,5150571,Soft,Forest,0.092470541,0.275209539
172,172_5,1,673300.375,5150571,Soft,Forest,0.211551118,0.227688944
172,172_6,1,674300.375,5150571,Soft,Forest,0.215277253,0.125228956
172,172_7,1,675300.375,5150571,Non_forest,Non,0.213187757,0.020153477
172,172_8,1,676300.375,5150571,Soft,Forest,0.409956262,0.012124001
172,172_9,1,677300.375,5150571,Soft,Forest,0.579373561,0.230897975
173,173_1,1,659300.375,5150571,Hard,Forest,2.280724633,0.037794866
173,173_2,1,660300.375,5150571,Soft,Forest,2.214497211,0.184560638
173,173_3,1,661300.375,5150571,Mixed,Forest,1.849598911,0.082309505
173,173_4,1,662300.375,5150571,Hard,Forest,1.196884863,0.11886203
173,173_5,1,663300.375,5150571,Mixed,Forest,0.865611722,0.029292363
173,173_6,1,664300.375,5150571,Soft,Forest,0.218690452,0.23866628
173,173_7,1,665300.375,5150571,Soft,Forest,0.001529459,0.009077856
173,173_8,1,666300.375,5150571,Soft,Forest,0.08727648,0.093919019
173,173_9,1,667300.375,5150571,Soft,Forest,0.215405844,0.032294711
174,174_1,1,649300.375,5150571,Hard,Forest,1.021966963,0.046073304
174,174_2,1,650300.375,5150571,Non_forest,Non,0.839689212,0.426521041
174,174_3,1,651300.375,5150571,Hard,Forest,1.004736573,0.193147351
174,174_4,1,652300.375,5150571,Mixed,Forest,1.282281541,0.054580232
174,174_5,1,653300.375,5150571,Soft,Forest,1.265058245,0.043688178
174,174_6,1,654300.375,5150571,Soft,Forest,0.782779912,0.105958226
174,174_7,1,655300.375,5150571,Soft,Forest,0.461843516,0.133272477
174,174_8,1,656300.375,5150571,Hard,Forest,0.32688805,0.071904914
174,174_9,1,657300.375,5150571,Soft,Forest,0.843633636,0.074639998
175,175_1,1.03614,689318.4428,5153571,Non_forest,Non,4.320242466,0.09472618
175,175_2,1.03614,690354.5783,5153571,Non_forest,Non,4.209241848,0.034090134
175,175_3,1.03614,691390.7139,5153571,Soft,Forest,3.640823498,0.403816082
175,175_4,1.03614,692426.8495,5153571,Soft,Forest,2.61086128,0.140723321
175,175_5,1.03614,693462.985,5153571,Mixed,Forest,1.58894675,0.157199233
175,175_6,1.03614,694499.1206,5153571,Mixed,Forest,0.616490365,0.194643283
175,175_7,1.03614,695535.2562,5153571,Hard,Forest,0.515498071,0.152732411
175,175_8,1.03614,696571.3917,5153571,Soft,Forest,0.327683864,0.015592581
176,176_1,1,679300.375,5153571,Soft,Forest,0.277732111,0.154380167
176,176_2,1,680300.375,5153571,Soft,Forest,0.180400559,0.343192401
176,176_3,1,681300.375,5153571,Soft,Forest,0.414067616,0.016285803
176,176_4,1,682300.375,5153571,Soft,Forest,1.014988625,0.002350643
176,176_5,1,683300.375,5153571,Soft,Forest,0.564971012,0.254791529
176,176_6,1,684300.375,5153571,Non_forest,Non,0.513707004,0.015587412
176,176_7,1,685300.375,5153571,Soft,Forest,1.454382132,0.107057427
176,176_8,1,686300.375,5153571,Soft,Forest,2.186924872,0.116691416
176,176_9,1,687300.375,5153571,Soft,Forest,2.893681134,0.225060144
177,177_1,1,669300.375,5153571,Non_forest,Non,0.005375057,0.068760029
177,177_2,1,670300.375,5153571,Soft,Forest,0.061237891,0.316865843
177,177_3,1,671300.375,5153571,Soft,Forest,0.050087622,0.592711453
177,177_4,1,672300.375,5153571,Non_forest,Non,0.429943889,0.026319888
177,177_5,1,673300.375,5153571,Soft,Forest,0.206905493,0.187932169
177,177_6,1,674300.375,5153571,Soft,Forest,0.179480138,0.031843248
177,177_7,1,675300.375,5153571,Non_forest,Non,0.297994033,0.20149241
177,177_8,1,676300.375,5153571,Soft,Forest,0.125480308,0.033121479
177,177_9,1,677300.375,5153571,Soft,Forest,0.436835551,0.220723273
178,178_1,1,659300.375,5153571,Non_forest,Non,0.524997879,0.091656607
178,178_2,1,660300.375,5153571,Soft,Forest,0.024526124,0.0139449
178,178_3,1,661300.375,5153571,Soft,Forest,0.198388805,0.083001581
178,178_4,1,662300.375,5153571,Hard,Forest,0.418128767,0.030073208
178,178_5,1,663300.375,5153571,Soft,Forest,0.121826354,0.152912121
178,178_6,1,664300.375,5153571,Mixed,Forest,0.362764332,0.081767698
178,178_7,1,665300.375,5153571,Hard,Forest,0.613351704,0.039419457
178,178_8,1,666300.375,5153571,Soft,Forest,0.186057018,0.212679165
178,178_9,1,667300.375,5153571,Hard,Forest,0.200210165,0.004589565
179,179_1,1,649300.375,5153571,Non_forest,Non,0.006375731,0.109603712
179,179_2,1,650300.375,5153571,Mixed,Forest,0.635229247,0.196084286
179,179_3,1,651300.375,5153571,Mixed,Forest,0.339873746,0.311753795
179,179_4,1,652300.375,5153571,Mixed,Forest,0.066442683,0.16326
179,179_5,1,653300.375,5153571,Mixed,Forest,0.989240113,0.124189512
179,179_6,1,654300.375,5153571,Mixed,Forest,1.456822162,0.250770192
179,179_7,1,655300.375,5153571,Hard,Forest,1.353217335,0.026755204
179,179_8,1,656300.375,5153571,Mixed,Forest,0.898113865,0.10425874
179,179_9,1,657300.375,5153571,Mixed,Forest,0.521152062,0.123310441
180,180_1,1,689300.375,5156571,Non_forest,Non,2.111690672,0.040825579
180,180_2,1,690300.375,5156571,Soft,Forest,1.668617815,0.30083653
180,180_3,1,691300.375,5156571,Non_forest,Non,1.188434477,0.239233165
180,180_4,1,692300.375,5156571,Soft,Forest,0.795692665,0.1741425
180,180_5,1,693300.375,5156571,Mixed,Forest,0.850591235,0.177527416
180,180_6,1,694300.375,5156571,Soft,Forest,0.625677972,0.188760901
180,180_7,1,695300.375,5156571,Hard,Forest,0.047356099,0.000798132
180,180_8,1,696300.375,5156571,Soft,Forest,0.308228583,0.365681415
180,180_9,1,697300.375,5156571,Mixed,Forest,0.732310332,0.258555056
181,181_1,1,679300.375,5156571,Soft,Forest,0.084041001,0.139072847
181,181_2,1,680300.375,5156571,Non_forest,Non,0.670995029,0.028622361
181,181_3,1,681300.375,5156571,Soft,Forest,0.363441864,0.113755922
181,181_4,1,682300.375,5156571,Soft,Forest,0.123336675,0.132975249
181,181_5,1,683300.375,5156571,Soft,Forest,0.182588962,0.513876935
181,181_6,1,684300.375,5156571,Non_forest,Non,0.596192323,0.044218555
181,181_7,1,685300.375,5156571,Soft,Forest,0.634803393,0.231745938
181,181_8,1,686300.375,5156571,Soft,Forest,0.129887039,0.333526149
181,181_9,1,687300.375,5156571,Non_forest,Non,1.056218558,0.061919848
182,182_1,1,669300.375,5156571,Soft,Forest,0.226292119,0.13529377
182,182_2,1,670300.375,5156571,Non_forest,Non,0.309043013,0.271499499
182,182_3,1,671300.375,5156571,Soft,Forest,0.158171039,0.236735876
182,182_4,1,672300.375,5156571,Soft,Forest,0.267772274,0.126391133
182,182_5,1,673300.375,5156571,Soft,Forest,0.13600239,0.09214938
182,182_6,1,674300.375,5156571,Soft,Forest,0.350473423,0.054526768
182,182_7,1,675300.375,5156571,Soft,Forest,0.070598532,0.383286824
182,182_8,1,676300.375,5156571,Soft,Forest,0.465808158,0.093243518
182,182_9,1,677300.375,5156571,Non_forest,Non,0.123198954,0.163684342
183,183_1,1,659300.375,5156571,Soft,Forest,2.218080526,0.347247784
183,183_2,1,660300.375,5156571,Non_forest,Non,1.506228906,0.003154598
183,183_3,1,661300.375,5156571,Non_forest,Non,0.861424413,0.010302822
183,183_4,1,662300.375,5156571,Soft,Forest,0.007014226,0.069790377
183,183_5,1,663300.375,5156571,Mixed,Forest,0.703499246,0.125098006
183,183_6,1,664300.375,5156571,Soft,Forest,0.988844188,0.027145479
183,183_7,1,665300.375,5156571,Soft,Forest,0.81209417,0.014027734
183,183_8,1,666300.375,5156571,Soft,Forest,0.477001485,0.006256152
183,183_9,1,667300.375,5156571,Soft,Forest,0.858313438,0.127123048
185,185_1,1,689300.375,5159571,Non_forest,Non,0.049630097,0.310225046
185,185_2,1,690300.375,5159571,Non_forest,Non,0.108620068,0.087155426
185,185_3,1,691300.375,5159571,Non_forest,Non,0.39405487,0.264261495
185,185_4,1,692300.375,5159571,Non_forest,Non,0.658871027,0.309126847
185,185_5,1,693300.375,5159571,Soft,Forest,0.96906382,0.071102467
185,185_6,1,694300.375,5159571,Soft,Forest,1.328133589,0.258039218
185,185_7,1,695300.375,5159571,Soft,Forest,1.538265194,0.029559573
185,185_8,1,696300.375,5159571,Non_forest,Non,1.918153389,0.000720005
185,185_9,1,697300.375,5159571,Mixed,Forest,1.592964958,0.063862133
186,186_1,1,679300.375,5159571,Soft,Forest,0.203273028,0.325116423
186,186_2,1,680300.375,5159571,Non_forest,Non,0.212983786,0.203176083
186,186_3,1,681300.375,5159571,Soft,Forest,0.053637844,0.357019636
186,186_4,1,682300.375,5159571,Soft,Forest,0.538913637,0.08354087
186,186_5,1,683300.375,5159571,Soft,Forest,1.117269871,0.16493464
186,186_6,1,684300.375,5159571,Soft,Forest,0.509381075,0.067401066
186,186_7,1,685300.375,5159571,Soft,Forest,0.53096311,0.086284477
186,186_8,1,686300.375,5159571,Non_forest,Non,1.398810811,0.005467812
186,186_9,1,687300.375,5159571,Non_forest,Non,0.97633103,0.085839491
187,187_1,1,669300.375,5159571,Soft,Forest,0.537814974,0.152488093
187,187_2,1,670300.375,5159571,Soft,Forest,0.536963229,0.210588682
187,187_3,1,671300.375,5159571,Non_forest,Non,0.717385555,0.001924272
187,187_4,1,672300.375,5159571,Non_forest,Non,0.142150021,0.011052644
187,187_5,1,673300.375,5159571,Non_forest,Non,1.10327778,0.112457323
187,187_6,1,674300.375,5159571,Non_forest,Non,1.582408786,0.150278195
187,187_7,1,675300.375,5159571,Non_forest,Non,1.265361833,0.369907336
187,187_8,1,676300.375,5159571,Soft,Forest,0.462483199,0.183930991
187,187_9,1,677300.375,5159571,Soft,Forest,0.007371854,0.338567684
188,188_1,1,659300.375,5159571,Non_forest,Non,2.087300189,0.148596424
188,188_2,1,660300.375,5159571,Non_forest,Non,1.10976214,0.076353673
188,188_3,1,661300.375,5159571,Non_forest,Non,0.224828807,0.083978825
188,188_4,1,662300.375,5159571,Soft,Forest,0.427999014,0.097494699
188,188_5,1,663300.375,5159571,Mixed,Forest,0.557400815,0.060627912
188,188_6,1,664300.375,5159571,Mixed,Forest,1.10313207,0.062856083
188,188_7,1,665300.375,5159571,Soft,Forest,0.632774859,0.081231322
188,188_8,1,666300.375,5159571,Soft,Forest,0.060397859,0.005668121
188,188_9,1,667300.375,5159571,Soft,Forest,0.008207987,0.223756955
189,189_1,0.98335,651408.576,5159571,Non_forest,Non,0.017420423,0.249909296
189,189_2,0.98335,652391.9297,5159571,Soft,Forest,0.473903062,0.101838234
189,189_3,0.98335,653375.2834,5159571,Mixed,Forest,0.956806863,0.012510189
189,189_4,0.98335,654358.6371,5159571,Soft,Forest,0.770842187,0.107763393
189,189_5,0.98335,655341.9908,5159571,Mixed,Forest,0.823745781,0.027450168
189,189_6,0.98335,656325.3445,5159571,Soft,Forest,1.578978831,0.18069113
189,189_7,0.98335,657308.6982,5159571,Hard,Forest,2.498351493,0.006522907
190,190_1,1.00385,699302.2988,5162571,Non_forest,Non,0.433886831,0.045223254
190,190_2,1.00385,700306.1463,5162571,Non_forest,Non,0.071844288,0.180497044
191,191_1,1,689300.375,5162571,Soft,Forest,2.426931658,0.210654272
191,191_2,1,690300.375,5162571,Soft,Forest,2.51689231,0.123980914
191,191_3,1,691300.375,5162571,Soft,Forest,2.296912312,0.151175348
191,191_4,1,692300.375,5162571,Soft,Forest,2.305283954,0.060472216
191,191_5,1,693300.375,5162571,Non_forest,Non,2.367928183,0.000464793
191,191_6,1,694300.375,5162571,Soft,Forest,2.810664272,0.067570538
191,191_7,1,695300.375,5162571,Soft,Forest,3.491787997,0.148086998
191,191_8,1,696300.375,5162571,Soft,Forest,3.040567619,0.327033097
191,191_9,1,697300.375,5162571,Mixed,Forest,2.104511585,0.178232367
192,192_1,1,679300.375,5162571,Non_forest,Non,1.073872598,0.046496279
192,192_2,1,680300.375,5162571,Non_forest,Non,0.106932791,0.188363311
192,192_3,1,681300.375,5162571,Non_forest,Non,0.662103925,0.046918641
192,192_4,1,682300.375,5162571,Non_forest,Non,0.786404755,0.218408344
192,192_5,1,683300.375,5162571,Soft,Forest,0.140111822,0.449272007
192,192_6,1,684300.375,5162571,Non_forest,Non,0.798687694,0.027279698
192,192_7,1,685300.375,5162571,Soft,Forest,1.573131198,0.176420736
192,192_8,1,686300.375,5162571,Non_forest,Non,2.181625959,0.025721127
192,192_9,1,687300.375,5162571,Soft,Forest,3.007364607,0.133233085
193,193_1,1,669300.375,5162571,Soft,Forest,0.415721625,0.095634512
193,193_2,1,670300.375,5162571,Soft,Forest,0.194841221,0.201682948
193,193_3,1,671300.375,5162571,Non_forest,Non,0.211784524,0.098364345
193,193_4,1,672300.375,5162571,Non_forest,Non,0.614479886,0.064773226
193,193_5,1,673300.375,5162571,Non_forest,Non,1.250683816,0.118227622
193,193_6,1,674300.375,5162571,Non_forest,Non,2.072911056,0.124741652
193,193_7,1,675300.375,5162571,Non_forest,Non,2.842734578,0.022801591
193,193_8,1,676300.375,5162571,Non_forest,Non,2.582510351,0.068378702
193,193_9,1,677300.375,5162571,Non_forest,Non,2.076000278,0.29970475
195,195_1,0.96622,652486.1921,5162571,Non_forest,Non,0.251542323,0.049365127
195,195_2,0.96622,653452.4072,5162571,Mixed,Forest,0.193728153,0.129488939
195,195_3,0.96622,654418.6222,5162571,Mixed,Forest,0.612830246,0.049707652
195,195_4,0.96622,655384.8373,5162571,Mixed,Forest,1.46199012,0.00227424
195,195_5,0.96622,656351.0524,5162571,Mixed,Forest,2.113910378,0.205333295
195,195_6,0.96622,657317.2675,5162571,Soft,Forest,2.747232682,0.198379733
196,196_1,0.96188,699281.3133,5165571,Hard,Forest,0.208510114,0.239069837
196,196_2,0.96188,700243.1898,5165571,Mixed,Forest,0.044174199,0.060364924
196,196_3,0.96188,701205.0663,5165571,Mixed,Forest,0.921465716,0.084080815
196,196_4,0.96188,702166.9428,5165571,Non_forest,Non,1.791492015,0.452947123
197,197_1,1,689300.375,5165571,Mixed,Forest,5.418117564,0.085725908
197,197_2,1,690300.375,5165571,Mixed,Forest,5.427067062,0.105024731
197,197_3,1,691300.375,5165571,Mixed,Forest,4.626974828,0.016502417
197,197_4,1,692300.375,5165571,Mixed,Forest,3.660552679,0.069255795
197,197_5,1,693300.375,5165571,Soft,Forest,2.718528235,0.009537114
197,197_6,1,694300.375,5165571,Mixed,Forest,1.838789172,0.065798164
197,197_7,1,695300.375,5165571,Soft,Forest,1.070571279,0.220533912
197,197_8,1,696300.375,5165571,Mixed,Forest,0.879873686,0.128226858
197,197_9,1,697300.375,5165571,Mixed,Forest,0.732572836,0.461709993
198,198_1,1.07293,679753.428,5165571,Non_forest,Non,0.894417455,0.020408251
198,198_2,1.07293,680826.3543,5165571,Soft,Forest,0.204192379,0.036259479
198,198_3,1.07293,681899.2805,5165571,Non_forest,Non,0.607601872,0.043645616
198,198_4,1.07293,682972.2068,5165571,Non_forest,Non,1.536921268,0.021722815
198,198_5,1.07293,684045.1331,5165571,Non_forest,Non,2.580196818,0.041232157
198,198_6,1.07293,685118.0593,5165571,Non_forest,Non,3.106901633,0.029380029
198,198_7,1.07293,686190.9856,5165571,Non_forest,Non,3.773829874,0.121155376
198,198_8,1.07293,687263.9119,5165571,Soft,Forest,4.597073827,0.154825892
199,199_1,1,659300.375,5165571,Hard,Forest,0.619835088,0.341368795
199,199_2,1,660300.375,5165571,Hard,Forest,1.591522964,0.025211562
199,199_3,1,661300.375,5165571,Soft,Forest,2.584897513,0.181904188
199,199_4,1,662300.375,5165571,Soft,Forest,3.124740866,0.37856555
199,199_5,1,663300.375,5165571,Soft,Forest,2.130904895,0.141586719
199,199_6,1,664300.375,5165571,Soft,Forest,1.147826581,0.098468409
199,199_7,1,665300.375,5165571,Soft,Forest,0.289602977,0.177989386
199,199_8,1,666300.375,5165571,Soft,Forest,0.117998427,0.047123018
199,199_9,1,667300.375,5165571,Soft,Forest,0.128850611,0.111355992
200,200_1,0.98409,652387.8746,5165571,Non_forest,Non,0.228300508,0.355778905
200,200_2,0.98409,653371.9656,5165571,Soft,Forest,0.062288857,0.611941504
200,200_3,0.98409,654356.0566,5165571,Soft,Forest,0.114627379,0.21107314
200,200_4,0.98409,655340.1475,5165571,Soft,Forest,0.013985619,0.225206325
200,200_5,0.98409,656324.2385,5165571,Hard,Forest,0.823526716,0.056910525
200,200_6,0.98409,657308.3295,5165571,Mixed,Forest,1.072380866,0.163192481
207,207_1,1.03356,649317.1554,5135571,Mixed,Forest,0.450912423,0.2549037
207,207_2,1.03356,650350.7162,5135571,Soft,Forest,0.236735254,0.440846481
207,207_3,1.03356,651384.277,5135571,Mixed,Forest,1.002311388,0.172879799
207,207_4,1.03356,652417.8378,5135571,Hard,Forest,0.03506498,0.498094531
207,207_5,1.03356,653451.3986,5135571,Soft,Forest,0.148105056,0.166417224
207,207_6,1.03356,654484.9594,5135571,Non_forest,Non,0.179455642,0.514923236
207,207_7,1.03356,655518.5202,5135571,Mixed,Forest,0.45358935,0.105285576
208,208_1,0.999,681308.9179,5210571,Soft,Forest,2.108839364,0.01221731
208,208_2,0.999,682307.6036,5210571,Soft,Forest,1.215579183,0.166193868
208,208_3,0.999,683306.2893,5210571,Soft,Forest,0.574351024,0.192959683
208,208_4,0.999,684304.975,5210571,Soft,Forest,0.284241403,0.234045006
208,208_5,0.999,685303.6607,5210571,Mixed,Forest,0.021595071,0.041437766
208,208_6,0.999,686302.3464,5210571,Soft,Forest,0.034941753,0.333259744
208,208_7,0.999,687301.0321,5210571,Soft,Forest,0.370944541,0.548896485
209,209_1,1.072,701248.4379,5189571,Mixed,Forest,0.329344389,0.142560149
209,209_2,1.072,702320.2162,5189571,Soft,Forest,0.966281918,0.400737292
209,209_3,1.072,703391.9945,5189571,Soft,Forest,0.517253082,0.071405292
209,209_4,1.072,704463.7728,5189571,Soft,Forest,0.188215072,0.14618622
210,210_1,1.008,682233.6523,5189571,Non_forest,Non,0.26682698,0.091609457
210,210_2,1.008,683241.9673,5189571,Hard,Forest,0.510973988,0.245227416
210,210_3,1.008,684250.2823,5189571,Hard,Forest,1.363982489,0.173945108
211,211_1,1.107,679353.7852,5189571,Soft,Forest,1.459929775,0.109601323
211,211_2,1.107,680460.6057,5189571,Soft,Forest,1.292972311,0.027387561
212,212_1,1,669300.375,5189571,Soft,Forest,0.305019062,0.017781466
212,212_2,1,670300.375,5189571,Mixed,Forest,0.887012149,0.074842219
212,212_3,1,671300.375,5189571,Hard,Forest,1.087706024,0.162594575
212,212_4,1,672300.375,5189571,Hard,Forest,1.772984124,0.079240492
212,212_5,1,673300.375,5189571,Soft,Forest,2.308075139,0.090732182
212,212_6,1,674300.375,5189571,Hard,Forest,2.097340418,0.018424888
212,212_7,1,675300.375,5189571,Mixed,Forest,1.421229876,0.125140277
212,212_8,1,676300.375,5189571,Mixed,Forest,1.073895316,0.110643278
212,212_9,1,677300.375,5189571,Mixed,Forest,1.054955709,0.237035044
213,213_1,1.015,699307.8323,5192571,Mixed,Forest,1.364424718,0.061090883
213,213_2,1.015,700322.7468,5192571,Soft,Forest,1.272603589,0.081935235
213,213_3,1.015,701337.6613,5192571,Soft,Forest,0.535929031,0.514325996
213,213_4,1.015,702352.5758,5192571,Soft,Forest,0.11698691,0.287881058
213,213_5,1.015,703367.4903,5192571,Soft,Forest,0.920566401,0.354107082
213,213_6,1.015,704382.4049,5192571,Soft,Forest,1.719720108,0.277634148
214,214_1,1.118,693886.0485,5192571,Mixed,Forest,0.295137949,0.311590909
214,214_2,1.118,695004.4275,5192571,Soft,Forest,0.343288121,0.08780584
214,214_3,1.118,696122.8065,5192571,Mixed,Forest,0.84477646,0.290572845
214,214_4,1.118,697241.1855,5192571,Soft,Forest,1.019639466,0.340881341
215,215_1,1,679300.375,5192571,Mixed,Forest,2.786735883,0.05575455
215,215_2,1,680300.375,5192571,Soft,Forest,3.574723331,0.173391007
215,215_3,1,681300.375,5192571,Soft,Forest,2.832445323,0.129864861
215,215_4,1,682300.375,5192571,Soft,Forest,1.896572992,0.119086639
215,215_5,1,683300.375,5192571,Hard,Forest,0.904226586,0.082988642
215,215_6,1,684300.375,5192571,Hard,Forest,0.016441626,0.028110629
215,215_7,1,685300.375,5192571,Mixed,Forest,0.069568787,0.085616815
215,215_8,1,686300.375,5192571,Hard,Forest,0.436375479,0.749556852
215,215_9,1,687300.375,5192571,Hard,Forest,0.295114922,0.228899548
216,216_1,1.03,671106.0957,5192571,Soft,Forest,0.092410632,0.175785812
216,216_2,1.03,672135.9848,5192571,Hard,Forest,0.668170598,0.238827878
216,216_3,1.03,673165.8739,5192571,Hard,Forest,0.569140857,0.087222338
216,216_4,1.03,674195.7631,5192571,Soft,Forest,0.729322431,0.13191681
216,216_5,1.03,675225.6522,5192571,Hard,Forest,0.887039934,0.054484139
216,216_6,1.03,676255.5413,5192571,Soft,Forest,1.383340376,0.189561351
216,216_7,1.03,677285.4304,5192571,Soft,Forest,1.900409192,0.323382621
217,217_1,0.934,689267.3551,5195571,Mixed,Forest,0.103264704,0.5551712
217,217_2,0.934,690201.3154,5195571,Non_forest,Non,0.169802984,0.677426612
217,217_3,0.934,691135.2757,5195571,Mixed,Forest,0.13315172,0.019369197
217,217_4,0.934,692069.236,5195571,Non_forest,Non,0.056983666,0.017768269
217,217_5,0.934,693003.1963,5195571,Mixed,Forest,0.21246609,0.141182449
218,218_1,1,679300.375,5195571,Soft,Forest,5.313234218,0.03373399
218,218_2,1,680300.375,5195571,Soft,Forest,4.983310078,0.229145895
218,218_3,1,681300.375,5195571,Soft,Forest,4.22470463,0.267886723
218,218_4,1,682300.375,5195571,Mixed,Forest,3.519290489,0.12907419
218,218_5,1,683300.375,5195571,Mixed,Forest,2.89126787,0.031757606
218,218_6,1,684300.375,5195571,Soft,Forest,2.212513726,0.2366611
218,218_7,1,685300.375,5195571,Mixed,Forest,1.629043616,0.138552135
218,218_8,1,686300.375,5195571,Mixed,Forest,0.946780397,0.222118057
218,218_9,1,687300.375,5195571,Non_forest,Non,0.279620959,0.136525138
219,219_1,0.997,674311.4725,5195571,Hard,Forest,3.720000145,0.150544643
219,219_2,0.997,675308.3018,5195571,Hard,Forest,3.851106042,0.074274873
219,219_3,0.997,676305.1311,5195571,Soft,Forest,4.066358841,0.15195544
219,219_4,0.997,677301.9604,5195571,Mixed,Forest,4.468460448,0.029017023
220,220_1,1,679300.375,5198571,Non_forest,Non,7.761775217,0.191339155
220,220_2,1,680300.375,5198571,Soft,Forest,7.094498203,0.047041278
220,220_3,1,681300.375,5198571,Soft,Forest,6.432402519,0.25389461
220,220_4,1,682300.375,5198571,Non_forest,Non,5.811859976,0.20609565
220,220_5,1,683300.375,5198571,Soft,Forest,5.122318122,0.231105954
220,220_6,1,684300.375,5198571,Non_forest,Non,4.412583478,0.038114085
220,220_7,1,685300.375,5198571,Soft,Forest,3.583935644,0.114231042
220,220_8,1,686300.375,5198571,Mixed,Forest,2.701730005,0.024862272
220,220_9,1,687300.375,5198571,Soft,Forest,1.926628693,0.20996962
221,221_1,1.097,689348.9034,5201571,Hard,Forest,2.642124731,0.156358526
221,221_2,1.097,690445.9601,5201571,Soft,Forest,1.810207706,0.126597184
221,221_3,1.097,691543.0168,5201571,Hard,Forest,1.003971156,0.226708545
221,221_4,1.097,692640.0735,5201571,Non_forest,Non,0.120598054,0.330218904
222,222_1,1,679300.375,5201571,Soft,Forest,9.203136027,0.042283462
222,222_2,1,680300.375,5201571,Non_forest,Non,8.815240352,0.01676698
222,222_3,1,681300.375,5201571,Soft,Forest,8.527556052,0.092828787
222,222_4,1,682300.375,5201571,Soft,Forest,7.697164703,0.051433508
222,222_5,1,683300.375,5201571,Mixed,Forest,6.906597916,0.009399807
222,222_6,1,684300.375,5201571,Non_forest,Non,6.169250293,0.303577135
222,222_7,1,685300.375,5201571,Soft,Forest,5.45555014,0.414783612
222,222_8,1,686300.375,5201571,Soft,Forest,4.743814649,0.053969037
222,222_9,1,687300.375,5201571,Soft,Forest,4.113836365,0.175820519
223,223_1,1.109,689355.0642,5204571,Hard,Forest,2.776737182,0.044410273
223,223_2,1.109,690464.4426,5204571,Hard,Forest,1.668556822,0.459753301
223,223_3,1.109,691573.821,5204571,Mixed,Forest,0.56509754,0.222611214
223,223_4,1.109,692683.1994,5204571,Mixed,Forest,0.341597202,0.322122742
223,223_5,1.109,693792.5778,5204571,Hard,Forest,1.080909275,0.016871285
224,224_1,1,679300.375,5204571,Soft,Forest,6.629608742,0.06082343
224,224_2,1,680300.375,5204571,Soft,Forest,6.079676127,0.040406283
224,224_3,1,681300.375,5204571,Soft,Forest,5.654485967,0.328969866
224,224_4,1,682300.375,5204571,Soft,Forest,5.383675445,0.159504848
224,224_5,1,683300.375,5204571,Soft,Forest,5.291002839,0.103955124
224,224_6,1,684300.375,5204571,Soft,Forest,5.385671805,0.116855178
224,224_7,1,685300.375,5204571,Mixed,Forest,5.177982818,0.092126719
224,224_8,1,686300.375,5204571,Soft,Forest,4.521311297,0.082768082
224,224_9,1,687300.375,5204571,Non_forest,Non,4.009115317,0.011709671
225,225_1,0.98,689290.3696,5207571,Hard,Forest,0.648336213,0.222732225
225,225_2,0.98,690270.3589,5207571,Hard,Forest,0.502178906,0.026685139
225,225_3,0.98,691250.3481,5207571,Soft,Forest,0.091918759,0.332858511
225,225_4,0.98,692230.3374,5207571,Non_forest,Non,0.370321248,0.006205264
225,225_5,0.98,693210.3267,5207571,Non_forest,Non,0.081647142,0.269140412
225,225_6,0.98,694190.3159,5207571,Soft,Forest,0.489884195,0.218590513
225,225_7,0.98,695170.3052,5207571,Soft,Forest,0.326765483,0.192847704
225,225_8,0.98,696150.2944,5207571,Mixed,Forest,1.19892775,0.132450365
226,226_1,1,679300.375,5207571,Soft,Forest,4.604965951,0.322322788
226,226_2,1,680300.375,5207571,Soft,Forest,3.770472273,0.119422185
226,226_3,1,681300.375,5207571,Soft,Forest,3.03763245,0.31311131
226,226_4,1,682300.375,5207571,Soft,Forest,2.497590968,0.008618692
226,226_5,1,683300.375,5207571,Soft,Forest,2.291006414,0.2462475
226,226_6,1,684300.375,5207571,Soft,Forest,2.501891311,0.082486738
226,226_7,1,685300.375,5207571,Mixed,Forest,2.625808757,0.022080039
226,226_8,1,686300.375,5207571,Soft,Forest,2.47331395,0.005558774
226,226_9,1,687300.375,5207571,Hard,Forest,1.780042986,0.115782011
300,300_1,1.016623833,676703.4499,5165820.98,Soft,Forest,2.985058569,0.164986986
300,300_2,1.016623833,675686.8261,5165820.98,Non_forest,Non,3.757087376,0.420855761
300,300_3,1.016623833,674670.2022,5165820.979,Soft,Forest,3.837365723,0.153651655
300,300_4,1.016623833,673653.5784,5165820.979,Soft,Forest,3.087387861,0.090091477
300,300_5,1.016623833,672636.9546,5165820.979,Soft,Forest,2.489520061,0.038592367
300,300_6,1.016623833,671620.3307,5165820.979,Soft,Forest,1.972269511,0.157454216
300,300_7,1.016623833,670603.7069,5165820.979,Soft,Forest,1.450259983,0.0699843
300,300_8,1.016623833,669587.0831,5165820.979,Mixed,Forest,0.920132652,0.094260885
300,300_9,1.016623833,668570.4592,5165820.979,Soft,Forest,0.417741642,0.203609058
301,301_1,0.973639628,664737.1577,5165820.979,Soft,Forest,0.860062268,0.325199874
301,301_2,0.973639628,663763.518,5165820.979,Soft,Forest,1.733426073,0.279930463
301,301_3,0.973639628,662789.8784,5165820.979,Soft,Forest,2.676339767,0.082064837
301,301_4,0.973639628,661816.2388,5165820.979,Non_forest,Non,3.087353603,0.184050665
301,301_5,0.973639628,660842.5992,5165820.979,Soft,Forest,2.116667204,0.341680432
301,301_6,0.973639628,659868.9595,5165820.979,Hard,Forest,1.14308551,0.20957873
302,302_1,1.015301654,696780.9986,5168820.981,Mixed,Forest,1.069219535,0.040635493
302,302_2,1.015301654,695765.6969,5168820.981,Soft,Forest,1.266011591,0.227796781
303,303_1,1.02509107,691774.4914,5168820.981,Mixed,Forest,3.701777025,0.015119654
303,303_2,1.02509107,690749.4003,5168820.981,Soft,Forest,4.576740931,0.032033194
303,303_3,1.02509107,689724.3092,5168820.981,Soft,Forest,5.503779201,0.094145461
304,304_1,1.05351384,687685.0066,5168820.981,Mixed,Forest,6.785758048,0.231849853
304,304_2,1.05351384,686631.4928,5168820.981,Non_forest,Non,5.743949674,0.16679046
304,304_3,1.05351384,685577.979,5168820.981,Non_forest,Non,4.70735368,0.034530884
304,304_4,1.05351384,684524.4651,5168820.981,Non_forest,Non,3.68037789,0.193556285
305,305_1,1.000000176,676711.7615,5168820.98,Soft,Forest,1.84735988,0.081198615
305,305_10,1.000000175,667711.76,5168820.98,Mixed,Forest,3.142448529,0.015050583
305,305_2,1.000000175,675711.7614,5168820.98,Soft,Forest,2.842396219,0.037507692
305,305_3,1.000000175,674711.7612,5168820.98,Soft,Forest,3.840012391,0.094155626
305,305_4,1.000000176,673711.761,5168820.98,Non_forest,Non,4.838612908,0.009354755
305,305_5,1.000000175,672711.7608,5168820.98,Soft,Forest,5.100244448,0.095843972
305,305_6,1.000000176,671711.7607,5168820.98,Soft,Forest,4.578614136,0.040476088
305,305_7,1.000000175,670711.7605,5168820.98,Soft,Forest,4.083413085,0.111978202
305,305_8,1.000000176,669711.7603,5168820.98,Soft,Forest,3.598668267,0.078876722
305,305_9,1.000000176,668711.7601,5168820.98,Mixed,Forest,3.2522311,0.169936179
306,306_1,1.043642706,665689.9384,5168820.979,Soft,Forest,3.165353309,0.06325151
306,306_10,1.043642706,656297.154,5168820.979,Hard,Forest,0.3968397,0.093901087
306,306_2,1.043642706,664646.2957,5168820.979,Soft,Forest,3.45354828,0.009695607
306,306_3,1.043642706,663602.653,5168820.979,Non_forest,Non,3.914952072,0.112207726
306,306_4,1.043642706,662559.0103,5168820.979,Soft,Forest,4.526484075,0.100742824
306,306_5,1.043642706,661515.3675,5168820.979,Soft,Forest,3.803471126,0.041851008
306,306_6,1.043642706,660471.7248,5168820.979,Soft,Forest,3.079964205,0.245115157
306,306_7,1.043642706,659428.0821,5168820.979,Hard,Forest,2.436131956,0.122127551
306,306_8,1.043642706,658384.4394,5168820.979,Mixed,Forest,1.395294108,0.094597409
306,306_9,1.043642706,657340.7967,5168820.979,Soft,Forest,0.35445626,0.249020517
307,307_1,1.05914911,696096.2328,5171820.982,Mixed,Forest,0.143982549,0.224802647
307,307_2,1.05914911,695037.0837,5171820.982,Soft,Forest,0.094511952,0.146521448
307,307_3,1.05914911,693977.9346,5171820.982,Soft,Forest,1.035897422,0.226171108
307,307_4,1.05914911,692918.7854,5171820.982,Soft,Forest,2.000977522,0.131638708
307,307_5,1.05914911,691859.6363,5171820.982,Soft,Forest,3.007493038,0.051882561
307,307_6,1.05914911,690800.4872,5171820.981,Hard,Forest,4.041003565,0.018481419
307,307_7,1.05914911,689741.3381,5171820.981,Soft,Forest,5.085076244,0.211712942
308,308_1,1.069894,687676.8163,5171820.981,Hard,Forest,7.132999815,0.196979464
308,308_2,1.069894,686606.9223,5171820.981,Non_forest,Non,6.876255653,0.217535714
308,308_3,1.069894,685537.0283,5171820.981,Non_forest,Non,6.029159811,0.080565648
308,308_4,1.069894,684467.1343,5171820.981,Non_forest,Non,5.26383801,0.020105561
308,308_5,1.069894,683397.2403,5171820.981,Non_forest,Non,4.618394861,0.082277789
308,308_6,1.069894,682327.3463,5171820.981,Soft,Forest,4.134493127,0.109044189
309,309_1,1.00000017,676711.7614,5171820.981,Soft,Forest,2.709843114,0.106085955
309,309_10,1.00000017,667711.7598,5171820.98,Soft,Forest,6.13450587,0.100295407
309,309_2,1.00000017,675711.7612,5171820.981,Non_forest,Non,3.457416354,0.015033041
309,309_3,1.00000017,674711.761,5171820.981,Soft,Forest,4.308620056,0.101643556
309,309_4,1.00000017,673711.7609,5171820.98,Non_forest,Non,5.212934061,0.119845612
309,309_5,1.00000017,672711.7607,5171820.98,Non_forest,Non,6.14696363,0.197177776
309,309_6,1.00000017,671711.7605,5171820.98,Soft,Forest,7.098988872,0.038899222
309,309_7,1.00000017,670711.7604,5171820.98,Non_forest,Non,6.742537708,0.0342132
309,309_8,1.00000017,669711.7602,5171820.98,Non_forest,Non,6.407683467,0.387889071
309,309_9,1.00000017,668711.76,5171820.98,Non_forest,Non,6.211190462,0.361821931
310,310_1,1.026810155,665698.3545,5171820.98,Soft,Forest,5.68555524,0.092029918
310,310_10,1.026810155,656457.0631,5171820.979,Soft,Forest,0.43915703,0.287964869
310,310_2,1.026810155,664671.5443,5171820.98,Soft,Forest,5.504427247,0.03372427
310,310_3,1.026810155,663644.7342,5171820.98,Soft,Forest,5.495398168,0.08319615
310,310_4,1.026810155,662617.924,5171820.98,Soft,Forest,5.660506588,0.052142271
310,310_5,1.026810155,661591.1139,5171820.98,Soft,Forest,4.951824945,0.136891115
310,310_6,1.026810155,660564.3037,5171820.98,Soft,Forest,4.031729936,0.156967888
310,310_7,1.026810155,659537.4935,5171820.98,Hard,Forest,3.068289102,0.053299424
310,310_8,1.026810155,658510.6834,5171820.98,Non_forest,Non,2.139327917,0.239132776
310,310_9,1.026810155,657483.8732,5171820.979,Mixed,Forest,1.313899874,0.038949125
311,311_1,0.972016629,695529.8714,5174820.982,Mixed,Forest,2.3855615,0.017524076
311,311_2,0.972016629,694557.8548,5174820.982,Soft,Forest,3.042903145,0.119111713
311,311_3,0.972016629,693585.8382,5174820.982,Soft,Forest,3.410328926,0.086539449
311,311_4,0.972016629,692613.8215,5174820.982,Hard,Forest,3.922135889,0.216847573
311,311_5,0.972016629,691641.8049,5174820.982,Mixed,Forest,4.581920244,0.271163168
311,311_6,0.972016629,690669.7883,5174820.982,Soft,Forest,4.954792287,0.132482218
311,311_7,0.972016629,689697.7716,5174820.982,Non_forest,Non,5.009613949,0.030858882
312,312_1,1.000000176,687711.7631,5174820.982,Soft,Forest,5.57917089,0.305058884
312,312_10,1.000000176,678711.7615,5174820.981,Non_forest,Non,4.983776459,0.003746947
312,312_2,1.000000176,686711.7629,5174820.982,Soft,Forest,6.073913315,0.122709937
312,312_3,1.000000176,685711.7628,5174820.982,Soft,Forest,6.682641545,0.114943025
312,312_4,1.000000176,684711.7626,5174820.982,Non_forest,Non,7.377192864,0.149204452
312,312_5,1.000000176,683711.7624,5174820.982,Non_forest,Non,7.089487626,0.581208606
312,312_6,1.000000176,682711.7622,5174820.981,Soft,Forest,6.425147838,0.198287827
312,312_7,1.000000176,681711.762,5174820.981,Non_forest,Non,5.8512391,0.013626963
312,312_8,1.000000176,680711.7619,5174820.981,Non_forest,Non,5.402913519,0.005690773
312,312_9,1.000000176,679711.7617,5174820.981,Non_forest,Non,5.109359211,0.362997709
313,313_1,1.00000017,676711.7612,5174820.981,Non_forest,Non,5.320054729,0.034458599
313,313_10,1.00000017,667711.7596,5174820.981,Soft,Forest,4.112443221,0.091493044
313,313_2,1.00000017,675711.761,5174820.981,Non_forest,Non,5.747648282,0.03889866
313,313_3,1.00000017,674711.7608,5174820.981,Non_forest,Non,6.300007417,0.118206196
313,313_4,1.00000017,673711.7607,5174820.981,Non_forest,Non,6.949861339,0.190861463
313,313_5,1.00000017,672711.7605,5174820.981,Soft,Forest,7.663276009,0.188756332
313,313_6,1.00000017,671711.7603,5174820.981,Soft,Forest,6.852959363,0.12692003
313,313_7,1.00000017,670711.7602,5174820.981,Non_forest,Non,6.089194973,0.324732942
313,313_8,1.00000017,669711.76,5174820.981,Non_forest,Non,5.402065744,0.260527069
313,313_9,1.00000017,668711.7598,5174820.981,Soft,Forest,4.75621045,0.195786573
314,314_1,0.983190683,665720.164,5174820.981,Non_forest,Non,2.894140191,0.018934306
314,314_2,0.983190683,664736.9734,5174820.98,Non_forest,Non,2.541819715,0.031843131
314,314_3,0.983190683,663753.7827,5174820.98,Non_forest,Non,2.497704901,0.22769671
314,314_4,0.983190683,662770.592,5174820.98,Non_forest,Non,2.701813921,0.061965731
314,314_5,0.983190683,661787.4013,5174820.98,Non_forest,Non,2.881235928,0.099196632
314,314_6,0.983190683,660804.2106,5174820.98,Soft,Forest,2.895199002,0.002339483
314,314_7,0.983190683,659821.0199,5174820.98,Mixed,Forest,2.006115548,0.074557279
314,314_8,0.983190683,658837.8293,5174820.98,Mixed,Forest,1.107920916,0.139831464
314,314_9,0.983190683,657854.6386,5174820.98,Hard,Forest,0.271642568,0.304885967
315,315_1,1.176722975,701976.8495,5177820.983,Soft,Forest,0.070097182,0.154834886
315,315_2,1.176722975,700800.1266,5177820.983,Soft,Forest,0.953450109,0.017017118
316,316_1,1.000000174,698711.7648,5177820.983,Mixed,Forest,0.713970804,0.019481249
316,316_10,1.000000174,689711.7632,5177820.982,Non_forest,Non,2.066468647,0.011461272
316,316_2,1.000000174,697711.7646,5177820.983,Mixed,Forest,0.893161484,0.001542894
316,316_3,1.000000174,696711.7645,5177820.983,Mixed,Forest,1.666664897,0.250327613
316,316_4,1.000000174,695711.7643,5177820.983,Soft,Forest,2.545442057,0.281537927
316,316_5,1.000000174,694711.7641,5177820.983,Mixed,Forest,2.52727598,0.069821262
316,316_6,1.000000174,693711.7639,5177820.983,Non_forest,Non,2.483175937,0.092347512
316,316_7,1.000000174,692711.7638,5177820.983,Non_forest,Non,2.29434374,0.039549212
316,316_9,1.000000174,690711.7634,5177820.983,Soft,Forest,1.963042401,0.291188777
317,317_1,1.000000171,687711.7629,5177820.982,Soft,Forest,3.139783498,0.065253347
317,317_10,1.000000171,678711.7613,5177820.982,Soft,Forest,6.778750182,0.059124744
317,317_2,1.000000171,686711.7627,5177820.982,Soft,Forest,3.952659352,0.615425401
317,317_3,1.000000171,685711.7625,5177820.982,Soft,Forest,4.836196056,0.059596753
317,317_4,1.000000171,684711.7624,5177820.982,Soft,Forest,5.75795696,0.153404989
317,317_5,1.000000171,683711.7622,5177820.982,Soft,Forest,6.702189649,0.084813521
317,317_6,1.000000171,682711.762,5177820.982,Soft,Forest,7.660589053,0.302073875
317,317_7,1.000000171,681711.7619,5177820.982,Soft,Forest,7.350647902,0.577395105
317,317_8,1.000000171,680711.7617,5177820.982,Soft,Forest,7.024136977,0.120647999
317,317_9,1.000000171,679711.7615,5177820.982,Soft,Forest,6.829712787,0.29946094
318,318_1,1.000000175,676711.761,5177820.982,Non_forest,Non,7.11086567,0.2441884
318,318_10,1.000000175,667711.7594,5177820.981,Soft,Forest,1.854081415,0.049438077
318,318_2,1.000000175,675711.7608,5177820.982,Non_forest,Non,7.474683275,0.031598314
318,318_3,1.000000175,674711.7607,5177820.982,Mixed,Forest,7.948419309,0.10806327
318,318_4,1.000000175,673711.7605,5177820.982,Mixed,Forest,7.454330656,0.097563692
318,318_5,1.000000175,672711.7603,5177820.981,Soft,Forest,6.475146689,0.012795576
318,318_6,1.000000175,671711.7601,5177820.981,Soft,Forest,5.503453618,0.083744104
318,318_7,1.000000175,670711.76,5177820.981,Non_forest,Non,4.54405991,0.218476285
318,318_8,1.000000175,669711.7598,5177820.981,Non_forest,Non,3.602376822,0.338909745
318,318_9,1.000000175,668711.7596,5177820.981,Soft,Forest,2.686186625,0.06064065
319,319_1,0.93986491,665741.8267,5177820.981,Soft,Forest,0.5486008,0.105595397
319,319_2,0.93986491,664801.9618,5177820.981,Non_forest,Non,0.056453357,0.34509988
319,319_3,0.93986491,663862.0969,5177820.981,Non_forest,Non,0.465901526,0.028238715
319,319_4,0.93986491,662922.232,5177820.981,Non_forest,Non,0.256650847,0.054316644
319,319_5,0.93986491,661982.3671,5177820.981,Mixed,Forest,0.075071699,0.272589819
319,319_6,0.93986491,661042.5022,5177820.981,Soft,Forest,0.841525324,0.317237375
319,319_7,0.93986491,660102.6373,5177820.981,Soft,Forest,0.871082689,0.055750557
319,319_8,0.93986491,659162.7723,5177820.981,Mixed,Forest,0.211417204,0.529759918
320,320_1,4.087821051,703788.6083,5180820.984,Soft,Forest,0.428386092,0.200930312
320,320_2,4.087821051,702766.6531,5180820.984,Non_forest,Non,0.859627739,0.018526231
320,320_3,4.087821051,701744.6978,5180820.984,Soft,Forest,0.143092135,0.249278197
320,320_4,4.087821051,700722.7426,5180820.984,Soft,Forest,0.229676597,0.060211959
321,321_1,10.00000173,698711.7646,5180820.984,Soft,Forest,0.053192143,0.072377505
321,321_10,10.00000173,689711.7631,5180820.983,Soft,Forest,1.028973003,0.114384199
321,321_2,10.00000173,697711.7645,5180820.983,Soft,Forest,0.031717412,0.267940062
321,321_3,10.00000173,696711.7643,5180820.983,Mixed,Forest,0.007910407,0.105474772
321,321_4,10.00000173,695711.7641,5180820.983,Soft,Forest,0.226046426,0.224064925
321,321_5,10.00000173,694711.764,5180820.983,Non_forest,Non,0.427709553,0.347861579
321,321_6,10.00000173,693711.7638,5180820.983,Non_forest,Non,0.274361503,0.112916231
321,321_7,10.00000173,692711.7636,5180820.983,Non_forest,Non,0.47821645,0.189141881
321,321_8,10.00000173,691711.7634,5180820.983,Non_forest,Non,0.654875565,0.116921126
321,321_9,10.00000173,690711.7633,5180820.983,Non_forest,Non,0.67773382,0.037805991
322,322_1,10.0000017,687711.7627,5180820.983,Non_forest,Non,2.566969988,0.492218371
322,322_10,10.0000017,678711.7612,5180820.982,Non_forest,Non,3.780125202,0.203919873
322,322_2,10.0000017,686711.7626,5180820.983,Soft,Forest,3.514912543,0.184929737
322,322_3,10.0000017,685711.7624,5180820.983,Non_forest,Non,4.485519671,0.200233315
322,322_4,10.0000017,684711.7622,5180820.983,Non_forest,Non,5.466732485,0.073609238
322,322_5,10.0000017,683711.762,5180820.983,Non_forest,Non,6.144669041,0.278761937
322,322_6,10.0000017,682711.7619,5180820.983,Soft,Forest,5.391051203,0.306948244
322,322_7,10.0000017,681711.7617,5180820.982,Soft,Forest,4.729684547,0.011950639
322,322_8,10.0000017,680711.7615,5180820.982,Non_forest,Non,4.204330149,0.17354289
322,322_9,10.0000017,679711.7614,5180820.982,Non_forest,Non,3.870771119,0.202441725
323,323_1,10.00000175,676711.7608,5180820.982,Soft,Forest,4.347677991,0.152893735
323,323_10,10.00000175,667711.7593,5180820.982,Non_forest,Non,1.889764401,0.001450646
323,323_2,10.00000175,675711.7607,5180820.982,Non_forest,Non,4.920242186,0.302729806
323,323_3,10.00000175,674711.7605,5180820.982,Soft,Forest,5.138011948,0.127515282
323,323_4,10.00000175,673711.7603,5180820.982,Non_forest,Non,5.30398813,0.103481246
323,323_5,10.00000175,672711.7601,5180820.982,Soft,Forest,5.41071712,0.072872697
323,323_6,10.00000175,671711.76,5180820.982,Soft,Forest,5.516385654,0.279609914
323,323_7,10.00000175,670711.7598,5180820.982,Soft,Forest,4.557300654,0.201714065
323,323_8,10.00000175,669711.7596,5180820.982,Mixed,Forest,3.620423817,0.031290178
323,323_9,10.00000175,668711.7594,5180820.982,Soft,Forest,2.720553519,0.293482476
324,324_1,6.424611989,665676.3747,5180820.982,Soft,Forest,0.241470046,0.366155766
324,324_2,6.424611989,664605.606,5180820.981,Soft,Forest,0.119732594,0.016846417
324,324_3,6.424611989,663534.8373,5180820.981,Soft,Forest,0.405260054,0.140522456
324,324_4,6.424611989,662464.0687,5180820.981,Soft,Forest,0.837084788,0.341518799
324,324_5,6.424611989,661393.3,5180820.981,Mixed,Forest,1.746317734,0.106164184
324,324_6,6.424611989,660322.5313,5180820.981,Soft,Forest,1.589469139,0.348718586
325,325_1,1.143773003,703071.1972,5183820.984,Soft,Forest,0.417306171,0.057280226
325,325_2,1.143773003,701927.4242,5183820.984,Soft,Forest,1.251322318,0.126592183
325,325_3,1.143773003,700783.6512,5183820.984,Non_forest,Non,2.019631115,0.328566795
326,326_1,1.000000176,698711.7645,5183820.984,Non_forest,Non,2.927704169,0.163677343
326,326_10,1.000000176,689711.7629,5183820.984,Soft,Forest,3.834279943,0.099779631
326,326_2,1.000000176,697711.7643,5183820.984,Non_forest,Non,2.980751925,0.141050046
326,326_3,1.000000176,696711.7641,5183820.984,Non_forest,Non,2.948370771,0.156333347
326,326_4,1.000000176,695711.7639,5183820.984,Non_forest,Non,3.068438333,0.219650643
326,326_5,1.000000176,694711.7638,5183820.984,Non_forest,Non,3.329666403,0.284701473
326,326_6,1.000000176,693711.7636,5183820.984,Non_forest,Non,3.238459304,0.072720034
326,326_7,1.000000176,692711.7634,5183820.984,Non_forest,Non,3.336754292,0.25377077
326,326_8,1.000000176,691711.7632,5183820.984,Soft,Forest,3.613712843,0.536736821
326,326_9,1.000000176,690711.7631,5183820.984,Soft,Forest,3.668954628,0.247695766
327,327_1,1.000000172,687711.7625,5183820.983,Non_forest,Non,4.617405496,0.09454627
327,327_10,1.000000172,678711.761,5183820.983,Hard,Forest,0.791983283,0.142346533
327,327_2,1.000000172,686711.7624,5183820.983,Soft,Forest,5.204393257,0.094305838
327,327_3,1.000000172,685711.7622,5183820.983,Non_forest,Non,5.745998936,0.189342085
327,327_4,1.000000172,684711.762,5183820.983,Soft,Forest,4.952068078,0.396992756
327,327_5,1.000000172,683711.7618,5183820.983,Soft,Forest,4.218454739,0.109397274
327,327_6,1.000000172,682711.7617,5183820.983,Soft,Forest,3.538610996,0.079841862
327,327_7,1.000000172,681711.7615,5183820.983,Soft,Forest,2.829149077,0.006928262
327,327_8,1.000000172,680711.7613,5183820.983,Soft,Forest,1.973476392,0.128075009
327,327_9,1.000000172,679711.7612,5183820.983,Soft,Forest,1.149243071,0.117795829
328,328_1,1.00000017,676711.7606,5183820.983,Non_forest,Non,2.289147372,0.054874678
328,328_10,1.00000017,667711.7591,5183820.982,Mixed,Forest,2.8936401,0.02187298
328,328_2,1.00000017,675711.7604,5183820.983,Soft,Forest,2.174368099,0.14902763
328,328_3,1.00000017,674711.7603,5183820.983,Mixed,Forest,2.158947394,0.040629321
328,328_4,1.00000017,673711.7601,5183820.983,Hard,Forest,2.332138019,0.195741365
328,328_5,1.00000017,672711.7599,5183820.982,Non_forest,Non,2.493542041,0.0171525
328,328_6,1.00000017,671711.7598,5183820.982,Soft,Forest,2.956977801,0.087063503
328,328_7,1.00000017,670711.7596,5183820.982,Mixed,Forest,2.951877988,0.059646663
328,328_8,1.00000017,669711.7594,5183820.982,Soft,Forest,2.981516059,0.06730883
328,328_9,1.00000017,668711.7593,5183820.982,Soft,Forest,2.962780668,0.230801347
329,329_1,1.037304744,665693.1065,5183820.982,Mixed,Forest,0.979850759,0.431905888
329,329_2,1.037304744,664655.8018,5183820.982,Soft,Forest,0.187733265,0.278148424
329,329_3,1.037304744,663618.497,5183820.982,Mixed,Forest,0.739948661,0.133799885
329,329_4,1.037304744,662581.1923,5183820.982,Soft,Forest,1.732018383,0.137096342
329,329_5,1.037304744,661543.8875,5183820.982,Soft,Forest,2.750451442,0.055435261
330,330_1,0.927740855,703458.8575,5186820.985,Soft,Forest,0.6761782,0.141752297
330,330_2,0.927740855,702531.1167,5186820.985,Soft,Forest,0.221804846,0.335045652
330,330_3,0.927740855,701603.3758,5186820.985,Soft,Forest,0.551142878,0.081280373
330,330_4,0.927740855,700675.635,5186820.985,Non_forest,Non,1.46595524,0.345542707
331,331_1,1.000000173,698711.7643,5186820.985,Soft,Forest,3.391078618,0.062781199
331,331_10,1.000000173,689711.7627,5186820.984,Non_forest,Non,2.935594847,0.301519954
331,331_2,1.000000173,697711.7641,5186820.985,Non_forest,Non,3.620691216,0.228229569
331,331_3,1.000000173,696711.764,5186820.984,Non_forest,Non,2.906737128,0.007938681
331,331_4,1.000000173,695711.7638,5186820.984,Mixed,Forest,2.381884052,0.149405267
331,331_5,1.000000173,694711.7636,5186820.984,Mixed,Forest,2.138775803,0.175022029
331,331_6,1.000000173,693711.7634,5186820.984,Mixed,Forest,1.745088958,0.089642109
331,331_7,1.000000173,692711.7633,5186820.984,Soft,Forest,1.404263706,0.076700532
331,331_8,1.000000173,691711.7631,5186820.984,Non_forest,Non,1.480799678,0.318875138
331,331_9,1.000000173,690711.7629,5186820.984,Soft,Forest,2.098866836,0.27040107
332,332_1,1.000000167,687711.7624,5186820.984,Soft,Forest,4.800277992,0.045877699
332,332_10,1.000000167,678711.7608,5186820.983,Soft,Forest,0.611352805,0.298810828
332,332_2,1.000000167,686711.7622,5186820.984,Soft,Forest,4.937661002,0.133885423
332,332_3,1.000000167,685711.762,5186820.984,Non_forest,Non,4.16585945,0.149840912
332,332_4,1.000000167,684711.7619,5186820.984,Mixed,Forest,3.371345825,0.126674116
332,332_5,1.000000167,683711.7617,5186820.984,Non_forest,Non,2.544098631,0.345156731
332,332_6,1.000000167,682711.7615,5186820.984,Soft,Forest,1.612896838,0.090520017
332,332_7,1.000000167,681711.7614,5186820.984,Mixed,Forest,0.757439711,0.189599676
332,332_8,1.000000167,680711.7612,5186820.983,Hard,Forest,0.020560832,0.021571829
332,332_9,1.000000167,679711.761,5186820.983,Hard,Forest,0.214869621,0.070741874
333,333_1,1.000000173,676711.7604,5186820.983,Soft,Forest,0.278040837,0.193425001
333,333_10,1.000000173,667711.7589,5186820.983,Mixed,Forest,0.704916152,0.556219021
333,333_2,1.000000173,675711.7603,5186820.983,Soft,Forest,0.356108851,0.331995633
333,333_3,1.000000173,674711.7601,5186820.983,Mixed,Forest,0.639312372,0.178978865
333,333_4,1.000000173,673711.7599,5186820.983,Hard,Forest,0.623100408,0.008341983
333,333_5,1.000000173,672711.7597,5186820.983,Mixed,Forest,0.174376618,0.198549702
333,333_6,1.000000173,671711.7596,5186820.983,Hard,Forest,0.169902948,0.001732484
333,333_7,1.000000173,670711.7594,5186820.983,Hard,Forest,0.05421873,0.18980546
333,333_8,1.000000173,669711.7592,5186820.983,Mixed,Forest,0.066178234,0.178192371
333,333_9,1.000000173,668711.7591,5186820.983,Hard,Forest,0.09701033,0.131154197
334,334_1,0.875261065,665774.1281,5186820.983,Mixed,Forest,0.642653817,0.3360263
334,334_2,0.875261065,664898.8671,5186820.983,Soft,Forest,0.036752274,0.040053091
334,334_3,0.875261065,664023.606,5186820.983,Soft,Forest,0.624051582,0.046583967
