Year,SU,Area_km2,Park_Area,Strat_Area,Region,Moose_Seen,Moose_Tracks,Sightability_Rating,Adjusted_Track_Estimate,Total_Moose_Estimate
2020,1,0.34432,0,0,Outside,0,0,4,0,0
2020,2,1.05047,0,0.089164,Outside,0,0,4,0,0
2020,3,0.17297,0,0,Outside,0,0,4,0,0
2020,4,2.68487,0,0.474947,Outside,3,4,4,1,4
2020,5,4.64939,0,0.760216,Outside,0,2,4,0.5,1
2020,6,2.90146,0,0.555901,Outside,0,0,4,0,0
2020,7,0.62432,0,0.0753483,Outside,0,1,4,0.25,0
2020,8,0.43417,0,0.0855417,Outside,0,0,4,0,0
2020,9,4.18481,0,0.760261,Outside,0,3,4,0.75,1
2020,10,1.20905,0,0.24393,Outside,0,2,4,0.5,1
2020,11,0.56856,0,0.0389132,Outside,0,0,4,0,0
2020,12,4.47696,0,0.760444,Outside,2,2,4,0.5,3
2020,13,4.69675,0,0.760453,Outside,0,0,4,0,0
2020,14,4.69686,0,0.760462,Outside,0,1,4,0.25,0
2020,15,2.85007,0,0.437675,Outside,0,0,4,0,0
2020,16,0.42549,0,0,Outside,0,0,4,0,0
2020,17,2.92377,0,0.468519,Outside,0,1,4,0.25,0
2020,18,4.6644,0,0.760498,Outside,0,0,4,0,0
2020,19,0.71676,0,0.101077,Outside,0,0,4,0,0
2020,20,3.08995,0,0.505262,Outside,2,2,4,0.5,3
2020,21,4.69809,0,0.760681,Outside,4,1,4,0.25,4
2020,22,4.6982,0,0.760689,Outside,1,0,4,0,1
2020,23,4.69831,0,0.760698,Outside,0,0,4,0,0
2020,24,4.69842,0,0.760707,Outside,0,0,4,0,0
2020,25,4.45215,0,0.760716,Outside,0,0,4,0,0
2020,26,4.61055,0,0.760725,Outside,0,0,4,0,0
2020,27,2.82967,0,0.42221,Outside,0,0,4,0,0
2020,28,0.25567,0,0.0534832,Outside,0,0,4,0,0
2020,29,4.61205,0,0.760909,Outside,0,2,4,0.5,1
2020,30,4.69954,0,0.760917,Outside,0,0,4,0,0
2020,31,4.69965,0,0.760926,Outside,1,0,4,0,1
2020,32,4.69976,0,0.760935,Outside,0,0,4,0,0
2020,33,4.69987,0,0.760944,Outside,0,0,4,0,0
2020,34,4.69998,0,0.760953,Outside,1,1,4,0.25,1
2020,35,4.33107,0,0.757267,Outside,0,0,4,0,0
2020,36,0.40144,0,0.0126577,Outside,0,0,4,0,0
2020,37,1.52738,0,0.27861,Outside,1,0,4,0,1
2020,38,4.70089,0,0.761145,Outside,1,0,4,0,1
2020,39,4.70099,0,0.761154,Outside,0,0,4,0,0
2020,40,4.7011,0,0.761163,Outside,0,2,4,0.5,1
2020,41,4.70121,0,0.761172,Outside,2,0,4,0,2
2020,42,4.70132,0,0.76118,Outside,2,0,4,0,2
2020,43,4.70143,0,0.76119,Outside,0,0,4,0,0
2020,44,1.87758,0,0.281346,Outside,0,0,4,0,0
2020,45,2.16059,0,0.343096,Outside,3,2,4,0.5,4
2020,46,4.70233,0,0.761382,Outside,0,0,4,0,0
2020,47,4.70244,0,0.761391,Outside,3,0,4,0,3
2020,48,4.70255,0,0.761399,Outside,0,0,4,0,0
2020,49,4.70266,0,0.761408,Outside,0,0,4,0,0
2020,50,4.70277,0,0.761417,Outside,0,1,4,0.25,0
2020,51,4.70288,0,0.761426,Outside,0,0,4,0,0
2020,52,0.67675,0,0.112648,Outside,0,2,4,0.5,1
2020,53,2.87491,0,0.462234,Outside,0,0,5,0,0
2020,54,4.70378,0,0.761618,Outside,0,0,5,0,0
2020,55,4.70389,0,0.761627,Outside,0,0,5,0,0
2020,56,4.704,0,0.761636,Outside,0,0,5,0,0
2020,57,4.7041,0,0.761644,Outside,0,2,5,0,0
2020,58,4.70421,0,0.761653,Outside,0,0,5,0,0
2020,59,3.03649,0,0.499335,Outside,0,1,5,0,0
2020,60,0.25701,0,0.0354028,Outside,0,0,5,0,0
2020,61,0.16593,0,0,Outside,0,0,5,0,0
2020,62,4.2661,0,0.710946,Outside,0,0,5,0,0
2020,63,4.70523,0,0.761855,Outside,0,0,5,0,0
2020,64,4.70534,0,0.761863,Outside,0,0,5,0,0
2020,65,4.70544,0,0.761872,Outside,0,1,4,0.25,0
2020,66,4.70555,0,0.761881,Outside,0,0,4,0,0
2020,67,3.77726,0,0.555854,Outside,0,0,4,0,0
2020,68,1.49953,0,0.111941,Outside,0,1,4,0.25,0
2020,69,0.6891,0,0.0444468,Outside,0,0,4,0,0
2020,70,2.46444,0,0.398866,Outside,0,2,5,0,0
2020,71,4.70657,0,0.762083,Outside,0,0,5,0,0
2020,72,4.70668,0,0.762091,Outside,0,0,5,0,0
2020,73,4.70678,0,0.7621,Outside,0,0,5,0,0
2020,74,4.70689,0,0.762108,Outside,0,2,5,0,0
2020,75,4.707,0,0.762117,Outside,0,0,5,0,0
2020,76,4.60966,0,0.762126,Outside,2,0,5,0,2
2020,77,4.41696,0,0.762135,Outside,0,0,4,0,0
2020,78,2.60691,0,0.366001,Outside,1,1,5,0,1
2020,79,1.29739,0,0.180659,Outside,0,0,4,0,0
2020,80,4.61893,0,0.762311,Outside,0,0,4,0,0
2020,81,4.70802,0,0.762319,Outside,1,0,4,0,1
2020,82,4.70812,0,0.762327,Outside,0,1,4,0.25,0
2020,83,4.70823,0,0.762336,Outside,1,0,4,0,1
2020,84,4.70834,0,0.762345,Outside,0,0,4,0,0
2020,85,4.70845,0,0.762353,Outside,0,1,4,0.25,0
2020,86,4.70856,0,0.762362,Outside,0,0,4,0,0
2020,87,4.52258,0,0.6907,Outside,1,0,4,0,1
2020,88,1.38184,0,0.0113408,Outside,0,2,4,0.5,1
2020,89,2.44203,0,0.39304,Outside,0,0,4,0,0
2020,90,1.2192,0,0,Outside,0,0,4,0,0
2020,91,2.75353,0,0.447549,Outside,0,0,4,0,0
2020,92,0.07921,0,0,Outside,0,0,4,0,0
2020,93,0.37727,0,0.0679179,Outside,0,0,3,0,0
2020,94,4.53169,0,0.762538,Outside,1,0,3,0,1
2020,95,4.70936,0,0.762547,Outside,1,0,3,0,1
2020,96,4.70946,0,0.762555,Outside,1,0,3,0,1
2020,97,4.70957,0,0.762563,Outside,0,0,3,0,0
2020,98,4.70967,0,0.762572,Outside,0,0,3,0,0
2020,99,4.70978,0,0.762581,Outside,0,0,3,0,0
2020,100,4.70989,0.11462,0.76259,Outside,0,2,3,1,1
2020,101,4.71,2.31674,0.762599,Park,0,2,3,1,1
2020,102,4.71012,1.07114,0.762608,Park,0,2,3,1,1
2020,103,4.71022,2.03107,0.762617,Park,0,2,3,1,1
2020,104,4.71034,0.10562,0.762626,Outside,0,2,3,1,1
2020,105,4.71046,0,0.762636,Outside,0,4,3,2,2
2020,106,4.71058,0,0.762645,Outside,0,1,3,0.5,1
2020,107,2.78518,0,0.482231,Outside,0,0,3,0,0
2020,108,2.44701,0,0.400001,Outside,0,0,3,0,0
2020,109,4.7107,0,0.762775,Outside,0,0,3,0,0
2020,110,4.71081,0,0.762783,Outside,0,0,3,0,0
2020,111,4.71091,0,0.762791,Outside,0,0,4,0,0
2020,112,4.71101,0,0.7628,Outside,0,1,4,0.25,0
2020,113,4.71112,0.29531,0.762808,Outside,0,0,4,0,0
2020,114,4.71123,0.46161,0.762817,Outside,0,1,4,0.25,0
2020,115,4.71134,3.81805,0.762826,Park,0,0,4,0,0
2020,116,4.71145,4.71145,0.762835,Park,1,0,4,0,1
2020,117,4.71156,4.61681,0.762844,Park,0,0,4,0,0
2020,118,4.71167,4.71167,0.762853,Park,1,0,4,0,1
2020,119,4.71179,4.21448,0.762862,Park,0,1,4,0.25,0
2020,120,4.71191,1.43215,0.762872,Park,1,1,3,0.5,2
2020,121,4.71202,0,0.762881,Outside,0,1,3,0.5,1
2020,122,3.92231,0,0.62661,Outside,0,0,3,0,0
2020,123,0.79825,0.79773,0.00485589,Park,0,0,4,0,0
2020,124,2.77546,1.73691,0.524345,Park,0,2,4,0.5,1
2020,125,4.62173,0.25982,0.763002,Outside,0,0,4,0,0
2020,126,4.71215,0.98977,0.763011,Park,0,0,4,0,0
2020,127,4.71225,0.2934,0.763019,Outside,0,1,4,0.25,0
2020,128,4.71235,1.79804,0.763027,Park,0,0,3,0,0
2020,129,4.71246,3.13016,0.763036,Park,0,0,3,0,0
2020,130,4.71257,4.02611,0.763044,Park,0,0,3,0,0
2020,131,4.71267,3.54274,0.763053,Park,0,0,3,0,0
2020,132,4.71278,4.71278,0.763062,Park,1,2,3,1,2
2020,133,4.71289,4.71289,0.763071,Park,3,0,3,0,3
2020,134,4.71301,4.71301,0.76308,Park,1,0,3,0,1
2020,135,4.71312,4.71312,0.763089,Park,0,0,3,0,0
2020,136,4.71324,4.71324,0.763098,Park,0,0,3,0,0
2020,137,4.71335,4.60344,0.763108,Park,0,0,3,0,0
2020,138,4.71347,1.20368,0.763117,Park,0,0,3,0,0
2020,139,2.68554,0,0.470463,Outside,0,0,3,0,0
2020,140,0.36357,0.36335,0,Park,0,0,3,0,0
2020,141,4.09986,4.0995,0.687287,Park,0,5,1,5,5
2020,142,4.71339,4.71339,0.76323,Park,0,0,3,0,0
2020,143,4.71349,4.45901,0.763238,Park,0,0,3,0,0
2020,144,4.71359,4.71359,0.763247,Park,0,0,3,0,0
2020,145,4.71369,4.65359,0.763255,Park,0,0,3,0,0
2020,146,4.7138,4.7138,0.763263,Park,0,0,3,0,0
2020,147,4.7139,4.7139,0.763272,Park,0,0,3,0,0
2020,148,4.71401,4.71401,0.76328,Park,1,0,5,0,1
2020,149,4.71412,4.71412,0.763289,Park,0,1,5,0,0
2020,150,4.71423,4.71423,0.763298,Park,2,0,5,0,2
2020,151,4.71434,4.71434,0.763307,Park,0,0,3,0,0
2020,152,4.71445,4.71445,0.763316,Park,0,0,3,0,0
2020,153,4.71457,4.71457,0.763325,Park,0,0,3,0,0
2020,154,4.71468,4.71468,0.763334,Park,0,0,3,0,0
2020,155,4.7148,4.7148,0.763344,Park,0,0,3,0,0
2020,156,4.68185,4.54333,0.730971,Park,0,2,5,0,0
2020,157,1.47166,0.41656,0.184992,Park,0,0,3,0,0
2020,158,2.67055,2.67051,0.449708,Park,0,0,3,0,0
2020,159,4.71474,4.71474,0.763458,Park,0,0,3,0,0
2020,160,4.71484,4.71484,0.763466,Park,0,0,3,0,0
2020,161,4.71494,4.71494,0.763474,Park,1,0,2,0,1
2020,162,4.71504,4.71504,0.763482,Park,0,2,4,0.5,1
2020,163,4.71514,4.71514,0.763491,Park,1,0,4,0,1
2020,164,4.71524,4.71524,0.763499,Park,0,0,3,0,0
2020,165,4.71535,4.71535,0.763507,Park,0,0,3,0,0
2020,166,4.71545,4.71545,0.763516,Park,2,7,5,0,2
2020,167,4.71556,4.71556,0.763525,Park,1,0,3,0,1
2020,168,4.71567,4.71567,0.763534,Park,0,0,3,0,0
2020,169,4.71578,4.71578,0.763543,Park,1,4,4,1,2
2020,170,4.7159,4.7159,0.763552,Park,0,5,3,2.5,3
2020,171,4.71601,4.71601,0.763561,Park,0,0,3,0,0
2020,172,4.71613,4.71613,0.76357,Park,0,0,3,0,0
2020,173,4.71624,4.71624,0.76358,Park,0,1,4,0.25,0
2020,174,4.71636,4.71636,0.76359,Park,0,0,3,0,0
2020,175,1.78136,1.77657,0.325276,Park,0,0,3,0,0
2020,176,0.17084,0.17083,0,Park,0,0,5,0,0
2020,177,4.24338,4.24336,0.653604,Park,1,0,3,0,1
2020,178,4.71618,4.71618,0.763694,Park,0,4,3,2,2
2020,179,4.71628,4.71628,0.763702,Park,1,1,3,0.5,2
2020,180,4.71638,4.71638,0.76371,Park,2,6,4,1.5,4
2020,181,4.71648,4.71648,0.763718,Park,3,1,5,0,3
2020,182,4.71658,4.71658,0.763727,Park,0,0,3,0,0
2020,183,4.71669,4.71669,0.763735,Park,0,0,3,0,0
2020,184,4.71679,4.71679,0.763743,Park,0,0,3,0,0
2020,185,4.7169,4.7169,0.763752,Park,1,4,4,1,2
2020,186,4.71701,4.71701,0.763761,Park,2,1,5,0,2
2020,187,4.71712,4.71712,0.76377,Park,0,0,3,0,0
2020,188,4.71723,4.71723,0.763779,Park,0,0,3,0,0
2020,189,4.71734,4.71734,0.763788,Park,0,0,3,0,0
2020,190,4.71745,4.71745,0.763797,Park,2,0,3,0,2
2020,191,4.71757,4.71757,0.763806,Park,0,0,3,0,0
2020,192,4.71769,4.71769,0.763816,Park,0,0,3,0,0
2020,193,4.71781,4.71781,0.763825,Park,0,1,4,0.25,0
2020,194,0.96573,0.95639,0.0129712,Park,0,0,3,0,0
2020,195,1.27851,1.27848,0.197779,Park,3,0,4,0,3
2020,196,4.71753,4.71753,0.763922,Park,4,0,4,0,4
2020,197,4.71763,4.71763,0.76393,Park,0,0,3,0,0
2020,198,4.71772,4.71772,0.763938,Park,0,1,4,0.25,0
2020,199,4.71782,4.71782,0.763946,Park,1,0,5,0,1
2020,200,4.71792,4.71792,0.763954,Park,4,3,4,0.75,5
2020,201,4.71803,4.71803,0.763962,Park,0,0,3,0,0
2020,202,4.71813,4.71813,0.763971,Park,0,0,3,0,0
2020,203,4.71824,4.71824,0.763979,Park,2,2,4,0.5,3
2020,204,4.71834,4.71834,0.763988,Park,0,2,4,0.5,1
2020,205,4.71845,4.71845,0.763997,Park,2,0,5,0,2
2020,206,4.71856,4.71856,0.764005,Park,0,5,4,1.25,1
2020,207,4.71867,4.71867,0.764014,Park,0,0,3,0,0
2020,208,4.71878,4.71878,0.764024,Park,0,0,3,0,0
2020,209,4.7189,4.7189,0.764033,Park,0,0,3,0,0
2020,210,4.71901,4.71901,0.764042,Park,2,1,3,0.5,3
2020,211,4.71913,4.71913,0.764052,Park,2,4,3,2,4
2020,212,4.71925,4.71925,0.764061,Park,0,2,2,1.5,2
2020,213,1.32993,1.31873,0.196277,Park,0,0,3,0,0
2020,214,2.7223,2.72228,0.440896,Park,1,0,3,0,1
2020,215,4.71897,4.71897,0.764158,Park,0,0,3,0,0
2020,216,4.71907,4.71907,0.764166,Park,0,1,1,1,1
2020,217,4.71917,4.71917,0.764174,Park,0,0,3,0,0
2020,218,4.71927,4.71927,0.764182,Park,0,1,3,0.5,1
2020,219,4.71937,4.71937,0.76419,Park,4,0,4,0,4
2020,220,4.71947,4.71947,0.764198,Park,0,0,3,0,0
2020,221,4.71957,4.71957,0.764206,Park,2,0,5,0,2
2020,222,4.71968,4.71968,0.764215,Park,2,0,4,0,2
2020,223,4.71979,4.71979,0.764224,Park,1,0,3,0,1
2020,224,4.71989,4.71989,0.764232,Park,6,2,4,0.5,7
2020,225,4.72,4.72,0.764241,Park,0,2,2,1.5,2
2020,226,4.72012,4.72012,0.76425,Park,0,0,3,0,0
2020,227,4.72023,4.72023,0.764259,Park,0,0,3,0,0
2020,228,4.72034,4.72034,0.764269,Park,0,0,3,0,0
2020,229,4.72046,4.72046,0.764278,Park,0,0,3,0,0
2020,230,4.72058,4.72058,0.764288,Park,0,4,4,1,1
2020,231,4.71973,4.71973,0.764297,Park,0,6,3,3,3
2020,232,0.72743,0.72714,0.121492,Park,0,1,3,0.5,1
2020,233,3.9255,3.92548,0.6274,Park,2,3,4,0.75,3
2020,234,4.72042,4.72042,0.764393,Park,7,1,2,0.75,8
2020,235,4.72051,4.72051,0.764401,Park,1,0,4,0,1
2020,236,4.72061,4.72061,0.764409,Park,4,0,3,0,4
2020,237,4.72071,4.72071,0.764417,Park,0,0,3,0,0
2020,238,4.72081,4.72081,0.764425,Park,0,0,3,0,0
2020,239,4.72091,4.72091,0.764434,Park,3,0,4,0,3
2020,240,4.72102,4.72102,0.764442,Park,1,1,4,0.25,1
2020,241,4.72112,4.72112,0.76445,Park,0,3,3,1.5,2
2020,242,4.72123,4.72123,0.764459,Park,1,0,3,0,1
2020,243,4.72134,4.72134,0.764468,Park,1,0,3,0,1
2020,244,4.72145,4.72145,0.764477,Park,2,0,4,0,2
2020,245,4.72156,4.72156,0.764486,Park,1,0,4,0,1
2020,246,4.72167,4.72167,0.764495,Park,1,0,4,0,1
2020,247,4.72179,4.72179,0.764504,Park,0,4,4,1,1
2020,248,4.7219,4.7219,0.764514,Park,2,2,3,1,3
2020,249,4.72202,4.72202,0.764523,Park,3,4,3,2,5
2020,250,3.23271,3.23268,0.499817,Park,0,4,3,2,2
2020,251,1.22873,1.22871,0.181845,Park,0,0,5,0,0
2020,252,4.72176,4.72176,0.764621,Park,0,1,2,0.75,1
2020,253,4.72186,4.72186,0.764629,Park,2,1,3,0.5,3
2020,254,4.72195,4.72195,0.764637,Park,0,0,3,0,0
2020,255,4.72205,4.72205,0.764645,Park,0,0,4,0,0
2020,256,4.72215,4.72215,0.764653,Park,0,0,4,0,0
2020,257,4.72225,4.72225,0.764661,Park,0,0,4,0,0
2020,258,4.72235,4.72235,0.764669,Park,0,0,4,0,0
2020,259,4.72246,4.72246,0.764678,Park,0,0,4,0,0
2020,260,4.72256,4.72256,0.764686,Park,2,0,4,0,2
2020,261,4.72267,4.72267,0.764695,Park,0,0,4,0,0
2020,262,4.72278,4.72278,0.764704,Park,1,0,4,0,1
2020,263,4.72289,4.72289,0.764713,Park,0,0,5,0,0
2020,264,4.723,4.723,0.764722,Park,0,0,4,0,0
2020,265,4.72311,4.72311,0.764731,Park,0,0,3,0,0
2020,266,4.72323,4.72323,0.76474,Park,0,0,3,0,0
2020,267,4.72334,3.47077,0.764749,Park,0,1,3,0.5,1
2020,268,4.72346,2.73227,0.764759,Park,0,0,2,0,0
2020,269,2.38603,1.17725,0.356859,Park,0,2,2,1.5,2
2020,270,3.38213,3.38196,0.591975,Park,0,0,2,0,0
2020,271,4.7232,4.7232,0.764857,Park,0,1,2,0.75,1
2020,272,4.7233,4.7233,0.764864,Park,0,0,3,0,0
2020,273,4.72339,4.72339,0.764872,Park,0,1,4,0.25,0
2020,274,4.72349,4.72349,0.76488,Park,2,1,3,0.5,3
2020,275,4.72359,4.72359,0.764888,Park,0,0,4,0,0
2020,276,4.72369,4.72369,0.764896,Park,0,0,4,0,0
2020,277,4.7238,4.7238,0.764905,Park,0,0,4,0,0
2020,278,4.7239,4.7239,0.764913,Park,0,1,4,0.25,0
2020,279,4.72401,4.50633,0.764922,Park,2,2,4,0.5,3
2020,280,4.72411,4.72411,0.76493,Park,0,0,4,0,0
2020,281,4.72422,4.72422,0.764939,Park,0,0,4,0,0
2020,282,4.72433,4.72433,0.764948,Park,0,0,4,0,0
2020,283,4.72444,4.72444,0.764957,Park,0,0,4,0,0
2020,284,4.72456,4.72456,0.764966,Park,0,0,3,0,0
2020,285,4.72467,3.40748,0.764975,Park,0,1,3,0.5,1
2020,286,4.72479,0.00837,0.764985,Outside,0,0,2,0,0
2020,287,3.4074,0,0.745004,Outside,0,0,2,0,0
2020,288,1.24897,0,0.196948,Outside,0,0,5,0,0
2020,289,3.84779,3.74645,0.607249,Park,0,0,3,0,0
2020,290,4.72464,4.72464,0.765092,Park,0,0,2,0,0
2020,291,4.72474,4.72474,0.7651,Park,0,0,2,0,0
2020,292,4.72484,4.72484,0.765108,Park,0,0,3,0,0
2020,293,4.72493,4.72493,0.765116,Park,3,2,3,1,4
2020,294,4.72503,4.72503,0.765124,Park,2,2,4,0.5,3
2020,295,4.72513,4.72513,0.765132,Park,0,1,3,0.5,1
2020,296,4.72524,4.72524,0.76514,Park,2,1,4,0.25,2
2020,297,4.72534,4.72495,0.765149,Park,0,0,4,0,0
2020,298,4.72545,1.40352,0.765157,Park,0,0,4,0,0
2020,299,4.72555,3.21892,0.765166,Park,3,0,4,0,3
2020,300,4.72566,4.72566,0.765175,Park,0,0,4,0,0
2020,301,4.72577,4.72577,0.765184,Park,0,0,4,0,0
2020,302,4.72589,4.72589,0.765193,Park,0,1,3,0.5,1
2020,303,4.726,4.726,0.765202,Park,0,0,3,0,0
2020,304,4.72611,4.51793,0.765211,Park,0,0,2,0,0
2020,305,4.08999,0.29634,0.648001,Outside,0,0,2,0,0
2020,306,2.22735,0,0.313849,Outside,0,0,3,0,0
2020,307,4.49221,3.86786,0.736858,Park,0,0,2,0,0
2020,308,4.72608,4.72608,0.765328,Park,0,0,3,0,0
2020,309,4.72618,4.72618,0.765335,Park,2,0,3,0,2
2020,310,4.72628,4.72628,0.765343,Park,0,0,4,0,0
2020,311,4.72637,4.72637,0.765351,Park,3,0,3,0,3
2020,312,4.72647,4.72647,0.765359,Park,3,2,2,1.5,5
2020,313,4.72658,4.72658,0.765367,Park,6,2,3,1,7
2020,314,4.72668,4.72668,0.765376,Park,0,1,3,0.5,1
2020,315,4.72678,4.35546,0.765384,Park,0,0,2,0,0
2020,316,4.72689,0,0.765392,Outside,1,0,4,0,1
2020,317,4.727,0.32783,0.765401,Outside,0,0,5,0,0
2020,318,4.72711,4.22857,0.76541,Park,0,0,5,0,0
2020,319,4.72721,4.72721,0.765419,Park,0,0,5,0,0
2020,320,4.72733,4.72733,0.765428,Park,0,0,4,0,0
2020,321,4.72744,4.72744,0.765437,Park,0,0,4,0,0
2020,322,4.72755,4.72755,0.765446,Park,0,0,3,0,0
2020,323,4.50375,3.88367,0.765456,Park,0,0,3,0,0
2020,324,1.41697,1.39119,0.321217,Park,0,0,5,0,0
2020,325,0.30676,0.30671,0.0887092,Park,0,0,5,0,0
2020,326,0.11863,0,0,Outside,0,0,4,0,0
2020,327,2.60981,0,0.420826,Outside,0,0,2,0,0
2020,328,4.72734,0,0.765548,Outside,0,0,3,0,0
2020,329,4.72743,1.98347,0.765555,Park,0,0,3,0,0
2020,330,4.72753,4.6976,0.765563,Park,2,1,3,0.5,3
2020,331,4.72762,4.72762,0.76557,Park,2,0,4,0,2
2020,332,4.72772,4.72772,0.765578,Park,2,0,3,0,2
2020,333,4.72781,4.72781,0.765586,Park,0,0,2,0,0
2020,334,4.72791,4.72791,0.765594,Park,2,0,2,0,2
2020,335,4.72802,4.72802,0.765603,Park,5,1,2,0.75,6
2020,336,4.72812,4.72812,0.765611,Park,0,1,3,0.5,1
2020,337,4.72822,4.4152,0.765619,Park,0,1,4,0.25,0
2020,338,4.72833,0.01852,0.765628,Outside,0,0,5,0,0
2020,339,4.72843,0.12914,0.765637,Outside,0,0,5,0,0
2020,340,4.72854,4.20098,0.765645,Park,0,0,5,0,0
2020,341,4.72866,3.92304,0.765654,Park,0,0,4,0,0
2020,342,4.72877,2.54757,0.765663,Park,0,2,3,1,1
2020,343,4.72888,1.1322,0.765673,Park,0,0,2,0,0
2020,344,4.729,1.47857,0.765682,Park,0,1,2,0.75,1
2020,345,4.36528,1.81368,0.765691,Park,0,0,2,0,0
2020,346,0.94008,0.67387,0.190365,Park,0,0,5,0,0
2020,347,1.71281,0,0.268612,Outside,0,0,1,0,0
2020,348,3.79117,0,0.622002,Outside,0,0,2,0,0
2020,349,4.72878,0,0.765783,Outside,0,0,2,0,0
2020,350,4.72887,0,0.76579,Outside,0,0,2,0,0
2020,351,4.72896,1.49036,0.765798,Park,0,0,3,0,0
2020,352,4.72905,2.06921,0.765806,Park,2,0,2,0,2
2020,353,4.72915,2.1719,0.765813,Park,1,0,2,0,1
2020,354,4.72926,2.33029,0.765822,Park,1,1,2,0.75,2
2020,355,4.72936,4.37052,0.76583,Park,2,0,2,0,2
2020,356,4.72946,4.72946,0.765838,Park,10,2,3,0.5,11
2020,357,4.72956,4.72956,0.765846,Park,0,1,2,0.75,1
2020,358,4.72966,4.72966,0.765854,Park,1,1,4,0.25,1
2020,359,4.72977,1.08371,0.765863,Park,0,0,4,0,0
2020,360,4.72988,0,0.765872,Outside,0,0,5,0,0
2020,361,4.72998,0.20921,0.765881,Outside,0,0,5,0,0
2020,362,4.73009,0.0011,0.76589,Outside,4,1,4,0.25,4
2020,363,4.73021,0,0.765899,Outside,0,0,3,0,0
2020,364,4.73032,0,0.765908,Outside,0,0,4,0,0
2020,365,4.71041,0,0.765917,Outside,0,0,4,0,0
2020,366,3.54904,0,0.765927,Outside,0,0,3,0,0
2020,367,3.74959,0,0.765936,Outside,0,0,2,0,0
2020,368,1.63719,0,0.377801,Outside,0,0,3,0,0
2020,369,2.12531,0,0.511535,Outside,0,0,4,0,0
2020,370,3.43269,0,0.515863,Outside,0,0,4,0,0
2020,371,4.73022,0,0.766018,Outside,0,0,4,0,0
2020,372,4.73031,0,0.766025,Outside,2,0,3,0,2
2020,373,4.7304,0,0.766033,Outside,1,2,3,1,2
2020,374,4.7305,0,0.766041,Outside,0,0,2,0,0
2020,375,4.7306,0,0.766049,Outside,0,0,4,0,0
2020,376,4.73069,0,0.766057,Outside,0,3,4,0.75,1
2020,377,4.73079,0.7275,0.766065,Park,0,2,2,1.5,2
2020,378,4.7309,3.96591,0.766073,Park,0,0,4,0,0
2020,379,4.731,4.7307,0.766081,Park,0,0,3,0,0
2020,380,4.73111,4.02815,0.76609,Park,0,2,4,0.5,1
2020,381,4.73121,0.07973,0.766098,Outside,0,0,5,0,0
2020,382,4.73132,0,0.766107,Outside,0,0,5,0,0
2020,383,4.73143,0,0.766116,Outside,1,0,3,0,1
2020,384,4.73154,0,0.766125,Outside,2,0,4,0,2
2020,385,4.73165,0,0.766134,Outside,0,3,4,0.75,1
2020,386,4.73176,0,0.766143,Outside,0,1,4,0.25,0
2020,387,4.73188,0,0.766152,Outside,0,1,4,0.25,0
2020,388,4.73199,0,0.766162,Outside,2,1,4,0.25,2
2020,389,4.69793,0,0.766172,Outside,0,0,3,0,0
2020,390,1.01723,0,0.15361,Outside,0,0,4,0,0
2020,391,4.00896,0,0.699697,Outside,0,0,5,0,0
2020,392,4.73165,0,0.766253,Outside,0,0,4,0,0
2020,393,4.73175,0,0.766261,Outside,0,0,3,0,0
2020,394,4.73184,0,0.766268,Outside,0,0,3,0,0
2020,395,4.73194,0,0.766276,Outside,0,0,3,0,0
2020,396,4.73203,0,0.766284,Outside,0,0,4,0,0
2020,397,4.73213,0,0.766292,Outside,4,2,3,1,5
2020,398,4.73223,0,0.7663,Outside,0,1,3,0.5,1
2020,399,4.73233,0,0.766308,Outside,0,0,5,0,0
2020,400,4.73244,0.49164,0.766316,Outside,0,0,5,0,0
2020,401,4.73254,0.42382,0.766325,Outside,0,0,4,0,0
2020,402,4.73265,0,0.766333,Outside,0,0,5,0,0
2020,403,4.73276,0,0.766342,Outside,0,0,4,0,0
2020,404,4.73287,0,0.766351,Outside,0,0,4,0,0
2020,405,4.73298,0,0.76636,Outside,0,0,3,0,0
2020,406,4.73309,0,0.766369,Outside,1,5,3,2.5,4
2020,407,4.7332,0,0.766378,Outside,2,0,3,0,2
2020,408,4.73332,0,0.766388,Outside,6,3,3,1.5,8
2020,409,4.73343,0,0.766397,Outside,0,1,4,0.25,0
2020,410,3.51431,0,0.53695,Outside,0,0,4,0,0
2020,411,4.29558,0,0.688448,Outside,0,0,4,0,0
2020,412,4.73309,0,0.766488,Outside,2,1,4,0.25,2
2020,413,4.73319,0,0.766495,Outside,2,0,4,0,2
2020,414,4.73328,0,0.766503,Outside,0,0,4,0,0
2020,415,4.73338,0,0.766511,Outside,0,0,3,0,0
2020,416,4.73347,0,0.766519,Outside,0,1,3,0.5,1
2020,417,4.73357,0,0.766527,Outside,3,0,3,0,3
2020,418,4.73367,0,0.766535,Outside,2,0,3,0,2
2020,419,4.73377,0,0.766543,Outside,0,0,4,0,0
2020,420,4.73388,0,0.766551,Outside,0,0,4,0,0
2020,421,4.73398,0,0.76656,Outside,3,0,3,0,3
2020,422,4.73409,0,0.766568,Outside,1,1,3,0.5,2
2020,423,4.7342,0,0.766577,Outside,0,0,2,0,0
2020,424,4.7343,0,0.766586,Outside,0,0,2,0,0
2020,425,4.73442,0,0.766595,Outside,0,0,3,0,0
2020,426,4.73453,0,0.766604,Outside,0,2,4,0.5,1
2020,427,4.73464,0,0.766613,Outside,3,1,3,0.5,4
2020,428,4.73476,0,0.766623,Outside,0,0,4,0,0
2020,429,4.73487,0,0.766632,Outside,0,0,4,0,0
2020,430,1.68777,0,0.259748,Outside,0,0,0,0,0
2020,431,0.77233,0,0.11822,Outside,0,0,0,0,0
2020,432,4.73444,0,0.766716,Outside,0,1,3,0.5,1
2020,433,4.73453,0,0.766723,Outside,0,0,3,0,0
2020,434,4.73462,0,0.76673,Outside,1,1,3,0.5,2
2020,435,4.73472,0,0.766738,Outside,0,0,2,0,0
2020,436,4.73481,0,0.766746,Outside,0,0,4,0,0
2020,437,4.73491,0,0.766754,Outside,0,2,3,1,1
2020,438,4.73501,0,0.766762,Outside,0,3,3,1.5,2
2020,439,4.73511,0,0.76677,Outside,2,2,2,1.5,4
2020,440,4.73521,0,0.766778,Outside,2,0,5,0,2
2020,441,4.73531,0,0.766787,Outside,0,0,4,0,0
2020,442,4.73542,0,0.766795,Outside,0,1,4,0.25,0
2020,443,4.73553,0,0.766803,Outside,0,2,4,0.5,1
2020,444,4.73563,0,0.766812,Outside,0,1,3,0.5,1
2020,445,4.73574,0,0.766821,Outside,0,1,4,0.25,0
2020,446,4.73585,0,0.76683,Outside,0,0,4,0,0
2020,447,4.73597,0,0.766839,Outside,0,0,4,0,0
2020,448,4.73608,0,0.766849,Outside,2,1,4,0.25,2
2020,449,4.7362,0,0.766858,Outside,3,0,4,0,3
2020,450,4.40087,0,0.749266,Outside,0,0,4,0,0
2020,451,0.18583,0,0.000960311,Outside,0,0,0,0,0
2020,452,2.80545,0,0.406251,Outside,0,0,4,0,0
2020,453,4.73588,0,0.76695,Outside,0,0,4,0,0
2020,454,4.73597,0,0.766958,Outside,0,0,4,0,0
2020,455,4.73606,0,0.766965,Outside,0,2,3,1,1
2020,456,4.73616,0,0.766973,Outside,0,0,3,0,0
2020,457,4.73625,0,0.766981,Outside,0,2,3,1,1
2020,458,4.73635,0,0.766989,Outside,0,2,3,1,1
2020,459,4.73645,0,0.766997,Outside,1,2,2,1.5,3
2020,460,4.73655,0,0.767005,Outside,0,0,3,0,0
2020,461,4.73665,0,0.767013,Outside,0,1,3,0.5,1
2020,462,4.73675,0,0.767021,Outside,2,3,3,1.5,4
2020,463,4.73686,0,0.76703,Outside,2,4,3,2,4
2020,464,4.73696,0,0.767038,Outside,0,1,2,0.75,1
2020,465,4.73707,0,0.767047,Outside,0,3,3,1.5,2
2020,466,4.73718,0,0.767056,Outside,0,1,3,0.5,1
2020,467,4.73729,0,0.767065,Outside,0,1,3,0.5,1
2020,468,4.73741,0,0.767074,Outside,0,0,3,0,0
2020,469,4.73752,0,0.767084,Outside,1,0,4,0,1
2020,470,4.73764,0,0.767093,Outside,0,0,4,0,0
2020,471,3.13576,0,0.505357,Outside,0,0,3,0,0
2020,472,0.81623,0,0.100218,Outside,0,0,4,0,0
2020,473,4.71467,0,0.767178,Outside,0,0,4,0,0
2020,474,4.73731,0,0.767185,Outside,0,0,4,0,0
2020,475,4.7374,0,0.767193,Outside,0,0,3,0,0
2020,476,4.7375,0,0.7672,Outside,2,2,2,1.5,4
2020,477,4.73759,0,0.767208,Outside,0,0,2,0,0
2020,478,4.73769,0,0.767215,Outside,0,1,3,0.5,1
2020,479,4.73779,0,0.767223,Outside,2,0,3,0,2
2020,480,4.73788,0,0.767231,Outside,0,1,3,0.5,1
2020,481,4.73798,0,0.76724,Outside,0,1,3,0.5,1
2020,482,4.73809,0,0.767248,Outside,0,0,2,0,0
2020,483,4.73819,0,0.767256,Outside,0,0,2,0,0
2020,484,4.7383,0,0.767265,Outside,0,0,2,0,0
2020,485,4.7384,0,0.767273,Outside,0,0,2,0,0
2020,486,4.73851,0,0.767282,Outside,0,0,2,0,0
2020,487,4.73862,0,0.767291,Outside,0,1,2,0.75,1
2020,488,4.73873,0,0.7673,Outside,0,0,2,0,0
2020,489,4.73884,0,0.767309,Outside,0,0,2,0,0
2020,490,4.73896,0,0.767318,Outside,0,1,2,0.75,1
2020,491,4.73907,0,0.767328,Outside,0,4,3,2,2
2020,492,2.24298,0,0.360325,Outside,0,0,3,0,0
2020,493,0.98669,0,0.140636,Outside,0,0,3,0,0
2020,494,4.73866,0,0.767413,Outside,0,0,3,0,0
2020,495,4.73875,0,0.76742,Outside,0,0,3,0,0
2020,496,4.73884,0,0.767427,Outside,0,0,2,0,0
2020,497,4.73893,0,0.767435,Outside,2,0,2,0,2
2020,498,4.73903,0,0.767443,Outside,2,0,3,0,2
2020,499,4.73912,0,0.76745,Outside,0,0,3,0,0
2020,500,4.73922,0,0.767458,Outside,0,0,3,0,0
2020,501,4.73932,0,0.767466,Outside,2,1,2,0.75,3
2020,502,4.73942,0,0.767474,Outside,0,1,2,0.75,1
2020,503,4.73952,0,0.767483,Outside,0,0,2,0,0
2020,504,4.73963,0,0.767491,Outside,0,0,2,0,0
2020,505,4.73973,0,0.767499,Outside,1,0,2,0,1
2020,506,4.73984,0,0.767508,Outside,0,4,2,3,3
2020,507,4.73995,0,0.767517,Outside,0,0,2,0,0
2020,508,4.74006,0,0.767526,Outside,0,1,2,0.75,1
2020,509,4.74017,0,0.767535,Outside,0,1,2,0.75,1
2020,510,4.74028,0,0.767544,Outside,0,0,2,0,0
2020,511,4.7404,0,0.767553,Outside,0,0,2,0,0
2020,512,4.71781,0,0.767563,Outside,0,0,3,0,0
2020,513,0.63847,0,0.0730199,Outside,0,0,3,0,0
2020,514,1.64315,0,0.26327,Outside,0,0,4,0,0
2020,515,4.7401,0,0.767647,Outside,0,0,3,0,0
2020,516,4.74019,0,0.767655,Outside,0,0,3,0,0
2020,517,4.74028,0,0.767662,Outside,0,0,2,0,0
2020,518,4.74037,0,0.767669,Outside,0,0,2,0,0
2020,519,4.74046,0,0.767677,Outside,0,0,2,0,0
2020,520,4.74056,0,0.767685,Outside,1,0,3,0,1
2020,521,4.74066,0,0.767693,Outside,0,1,2,0.75,1
2020,522,4.74076,0,0.767701,Outside,2,1,2,0.75,3
2020,523,4.74086,0,0.767709,Outside,0,1,2,0.75,1
2020,524,4.74096,0,0.767717,Outside,0,1,2,0.75,1
2020,525,4.74106,0,0.767726,Outside,0,0,2,0,0
2020,526,4.74117,0,0.767734,Outside,0,3,2,2.25,2
2020,527,4.74128,0,0.767743,Outside,0,0,2,0,0
2020,528,4.74138,0,0.767752,Outside,0,1,2,0.75,1
2020,529,4.74149,0,0.767761,Outside,0,1,2,0.75,1
2020,530,4.74161,0,0.76777,Outside,3,1,2,0.75,4
2020,531,4.74172,0,0.767779,Outside,0,1,2,0.75,1
2020,532,4.74183,0,0.767788,Outside,0,0,2,0,0
2020,533,4.28608,0,0.696576,Outside,0,0,3,0,0
2020,534,2.99143,0,0.498426,Outside,0,0,5,0,0
2020,535,4.74153,0,0.767882,Outside,0,0,3,0,0
2020,536,4.74162,0,0.767889,Outside,0,0,3,0,0
2020,537,4.74171,0,0.767897,Outside,2,0,4,0,2
2020,538,4.74181,0,0.767904,Outside,0,0,4,0,0
2020,539,4.7419,0,0.767912,Outside,0,0,3,0,0
2020,540,4.742,0,0.76792,Outside,0,0,4,0,0
2020,541,4.74209,0,0.767927,Outside,1,0,4,0,1
2020,542,4.74219,0,0.767936,Outside,0,0,3,0,0
2020,543,4.74229,0,0.767944,Outside,1,0,2,0,1
2020,544,4.7424,0,0.767952,Outside,2,0,2,0,2
2020,545,4.7425,0,0.76796,Outside,1,0,3,0,1
2020,546,4.74261,0,0.767969,Outside,0,1,3,0.5,1
2020,547,4.74271,0,0.767977,Outside,0,1,4,0.25,0
2020,548,4.74282,0,0.767986,Outside,0,1,3,0.5,1
2020,549,4.74293,0,0.767995,Outside,2,0,3,0,2
2020,550,4.74304,0,0.768004,Outside,0,0,3,0,0
2020,551,4.74316,0,0.768013,Outside,0,0,3,0,0
2020,552,4.74327,0,0.768023,Outside,0,0,3,0,0
2020,553,2.81467,0,0.459161,Outside,0,0,5,0,0
2020,554,4.43673,0,0.704637,Outside,0,0,4,0,0
2020,555,4.74297,0,0.768116,Outside,0,0,4,0,0
2020,556,4.74306,0,0.768124,Outside,1,0,3,0,1
2020,557,4.74315,0,0.768131,Outside,0,0,4,0,0
2020,558,4.74324,0,0.768139,Outside,0,0,3,0,0
2020,559,4.74334,0,0.768146,Outside,0,0,4,0,0
2020,560,4.74343,0,0.768154,Outside,0,0,3,0,0
2020,561,4.74353,0,0.768162,Outside,3,0,3,0,3
2020,562,4.74363,0,0.76817,Outside,0,0,3,0,0
2020,563,4.74373,0,0.768178,Outside,0,0,3,0,0
2020,564,4.74383,0,0.768187,Outside,0,0,4,0,0
2020,565,4.74394,0,0.768195,Outside,0,1,4,0.25,0
2020,566,4.74404,0,0.768203,Outside,0,0,3,0,0
2020,567,4.74415,0,0.768212,Outside,2,0,3,0,2
2020,568,4.74426,0,0.768221,Outside,0,0,3,0,0
2020,569,4.74437,0,0.76823,Outside,0,0,3,0,0
2020,570,4.74448,0,0.768239,Outside,0,0,3,0,0
2020,571,4.74459,0,0.768248,Outside,0,0,3,0,0
2020,572,4.74471,0,0.768257,Outside,0,0,3,0,0
2020,573,1.48938,0,0.253875,Outside,0,0,5,0,0
2020,574,1.47054,0,0.0604326,Outside,0,0,5,0,0
2020,575,4.73152,0,0.767804,Outside,0,0,3,0,0
2020,576,4.7444,0,0.768351,Outside,2,0,3,0,2
2020,577,4.74449,0,0.768358,Outside,0,0,3,0,0
2020,578,4.74458,0,0.768366,Outside,0,0,4,0,0
2020,579,4.74468,0,0.768373,Outside,0,0,3,0,0
2020,580,4.74477,0,0.768381,Outside,0,0,3,0,0
2020,581,4.74487,0,0.768389,Outside,0,0,4,0,0
2020,582,4.74497,0,0.768396,Outside,0,0,3,0,0
2020,583,4.74506,0,0.768405,Outside,2,0,4,0,2
2020,584,4.74517,0,0.768413,Outside,2,0,4,0,2
2020,585,4.74527,0,0.768421,Outside,0,0,4,0,0
2020,586,4.74537,0,0.76843,Outside,1,1,4,0.25,1
2020,587,4.74548,0,0.768438,Outside,1,0,4,0,1
2020,588,4.74558,0,0.768447,Outside,0,1,3,0.5,1
2020,589,4.74569,0,0.768456,Outside,1,0,3,0,1
2020,590,4.7458,0,0.768464,Outside,0,0,4,0,0
2020,591,4.74592,0,0.768473,Outside,0,0,3,0,0
2020,592,4.74603,0,0.768483,Outside,0,0,3,0,0
2020,593,4.74614,0,0.768492,Outside,0,0,3,0,0
2020,594,1.01733,0,0.145304,Outside,0,0,3,0,0
2020,595,4.32452,0,0.753318,Outside,0,0,3,0,0
2020,596,4.00989,0,0.608805,Outside,0,0,4,0,0
2020,597,4.74584,0,0.768585,Outside,0,0,3,0,0
2020,598,4.74593,0,0.768593,Outside,0,0,3,0,0
2020,599,4.74602,0,0.7686,Outside,0,0,3,0,0
2020,600,4.74611,0,0.768608,Outside,0,0,4,0,0
2020,601,4.74621,0,0.768615,Outside,0,0,4,0,0
2020,602,4.7463,0,0.768623,Outside,0,0,3,0,0
2020,603,4.7464,0,0.768631,Outside,0,0,3,0,0
2020,604,4.7465,0,0.768639,Outside,0,0,3,0,0
2020,605,4.7466,0,0.768647,Outside,1,0,4,0,1
2020,606,4.7467,0,0.768656,Outside,2,0,4,0,2
2020,607,4.74681,0,0.768664,Outside,0,0,4,0,0
2020,608,4.74691,0,0.768672,Outside,0,0,4,0,0
2020,609,4.74702,0,0.768681,Outside,0,0,3,0,0
2020,610,4.74713,0,0.76869,Outside,0,0,3,0,0
2020,611,4.74724,0,0.768699,Outside,1,0,3,0,1
2020,612,4.74735,0,0.768708,Outside,1,0,3,0,1
2020,613,4.74746,0,0.768717,Outside,0,0,3,0,0
2020,614,4.67398,0,0.768727,Outside,0,2,2,1.5,2
2020,615,0.54947,0,0.0905015,Outside,0,0,5,0,0
2020,616,4.74709,0,0.768803,Outside,0,0,4,0,0
2020,617,4.10599,0,0.663193,Outside,0,0,4,0,0
2020,618,4.74727,0,0.76882,Outside,0,0,4,0,0
2020,619,4.74736,0,0.768827,Outside,2,0,4,0,2
2020,620,4.74745,0,0.768834,Outside,0,0,4,0,0
2020,621,4.74754,0,0.768842,Outside,0,0,3,0,0
2020,622,4.74764,0,0.76885,Outside,0,0,3,0,0
2020,623,4.74774,0,0.768857,Outside,0,0,3,0,0
2020,624,4.74783,0,0.768865,Outside,0,0,3,0,0
2020,625,4.74793,0,0.768873,Outside,3,0,3,0,3
2020,626,4.74804,0,0.768882,Outside,0,1,3,0.5,1
2020,627,4.74814,0,0.76889,Outside,0,0,4,0,0
2020,628,4.74824,0,0.768898,Outside,0,0,2,0,0
2020,629,4.74835,0,0.768907,Outside,0,0,3,0,0
2020,630,4.74846,0,0.768916,Outside,2,0,3,0,2
2020,631,4.74856,0,0.768924,Outside,0,0,2,0,0
2020,632,4.74867,0,0.768933,Outside,0,1,3,0.5,1
2020,633,4.74879,0,0.768942,Outside,0,1,3,0.5,1
2020,634,4.7489,0,0.768952,Outside,0,0,3,0,0
2020,635,3.08624,0,0.503561,Outside,0,0,4,0,0
2020,636,4.74853,0,0.769037,Outside,0,0,3,0,0
2020,637,4.50468,0,0.725366,Outside,0,0,4,0,0
2020,638,4.7487,0,0.769054,Outside,0,1,3,0.5,1
2020,639,4.74879,0,0.769061,Outside,0,0,3,0,0
2020,640,4.74888,0,0.769069,Outside,0,0,4,0,0
2020,641,4.74898,0,0.769076,Outside,0,0,3,0,0
2020,642,4.74907,0,0.769084,Outside,0,0,3,0,0
2020,643,4.74917,0,0.769092,Outside,0,0,3,0,0
2020,644,4.74927,0,0.7691,Outside,0,0,4,0,0
2020,645,4.74937,0,0.769108,Outside,0,0,4,0,0
2020,646,4.74947,0,0.769116,Outside,0,2,4,0.5,1
2020,647,4.74957,0,0.769124,Outside,2,0,3,0,2
2020,648,4.74968,0,0.769133,Outside,0,1,4,0.25,0
2020,649,4.74978,0,0.769141,Outside,0,0,3,0,0
2020,650,4.74989,0,0.76915,Outside,0,0,3,0,0
2020,651,4.75,0,0.769159,Outside,0,1,4,0.25,0
2020,652,4.75011,0,0.769168,Outside,1,1,4,0.25,1
2020,653,4.75022,0,0.769177,Outside,1,2,3,1,2
2020,654,4.3901,0,0.769186,Outside,0,0,3,0,0
2020,655,0.67758,0,0.081709,Outside,0,0,5,0,0
2020,656,4.74996,0,0.769271,Outside,0,0,3,0,0
2020,657,4.75005,0,0.769281,Outside,0,1,4,0.25,0
2020,658,4.75014,0,0.769288,Outside,0,0,3,0,0
2020,659,4.75023,0,0.769295,Outside,0,0,4,0,0
2020,660,4.75032,0,0.769303,Outside,0,1,4,0.25,0
2020,661,4.75041,0,0.76931,Outside,0,0,3,0,0
2020,662,4.75051,0,0.769318,Outside,0,0,3,0,0
2020,663,4.7506,0,0.769326,Outside,0,0,2,0,0
2020,664,4.7507,0,0.769334,Outside,0,0,4,0,0
2020,665,4.7508,0,0.769342,Outside,0,2,4,0.5,1
2020,666,4.7509,0,0.76935,Outside,0,0,4,0,0
2020,667,4.75101,0,0.769359,Outside,0,0,4,0,0
2020,668,4.75111,0,0.769367,Outside,0,1,2,0.75,1
2020,669,4.75122,0,0.769376,Outside,0,0,3,0,0
2020,670,4.75132,0,0.769384,Outside,0,0,2,0,0
2020,671,4.75143,0,0.769393,Outside,0,0,3,0,0
2020,672,4.75154,0,0.769402,Outside,0,0,3,0,0
2020,673,4.75166,0,0.769411,Outside,0,2,3,1,1
2020,674,1.8402,0,0.257524,Outside,0,0,5,0,0
2020,675,4.75139,0,0.769505,Outside,0,0,3,0,0
2020,676,4.75148,0,0.769515,Outside,0,0,5,0,0
2020,677,4.75157,0,0.769522,Outside,0,1,3,0.5,1
2020,678,4.75166,0,0.76953,Outside,0,0,3,0,0
2020,679,4.75175,0,0.769537,Outside,1,0,3,0,1
2020,680,4.75184,0,0.769545,Outside,0,0,4,0,0
2020,681,4.75194,0,0.769552,Outside,0,0,3,0,0
2020,682,4.75204,0,0.76956,Outside,0,0,4,0,0
2020,683,4.75213,0,0.769568,Outside,0,0,2,0,0
2020,684,4.75223,0,0.769576,Outside,0,1,2,0.75,1
2020,685,4.75234,0,0.769584,Outside,0,0,2,0,0
2020,686,4.75244,0,0.769593,Outside,0,0,2,0,0
2020,687,4.75254,0,0.769601,Outside,0,0,3,0,0
2020,688,4.75265,0,0.76961,Outside,0,0,4,0,0
2020,689,4.75276,0,0.769618,Outside,0,2,4,0.5,1
2020,690,4.75287,0,0.769627,Outside,0,0,4,0,0
2020,691,4.75298,0,0.769636,Outside,0,0,4,0,0
2020,692,4.75309,0,0.769645,Outside,0,0,3,0,0
2020,693,1.71231,0,0.272517,Outside,0,0,5,0,0
2020,694,4.75282,0,0.769739,Outside,0,0,3,0,0
2020,695,4.75291,0,0.769749,Outside,0,1,4,0.25,0
2020,696,4.753,0,0.769756,Outside,0,0,4,0,0
2020,697,4.75309,0,0.769764,Outside,0,0,4,0,0
2020,698,4.75318,0,0.769771,Outside,0,0,4,0,0
2020,699,4.75328,0,0.769779,Outside,0,0,4,0,0
2020,700,4.75337,0,0.769786,Outside,0,0,3,0,0
2020,701,4.75347,0,0.769794,Outside,0,0,3,0,0
2020,702,4.75357,0,0.769802,Outside,0,0,3,0,0
2020,703,4.75367,0,0.76981,Outside,0,1,4,0.25,0
2020,704,4.75377,0,0.769818,Outside,0,1,3,0.5,1
2020,705,4.75387,0,0.769827,Outside,0,2,3,1,1
2020,706,4.75398,0,0.769835,Outside,0,0,3,0,0
2020,707,4.75408,0,0.769844,Outside,0,0,3,0,0
2020,708,4.75419,0,0.769853,Outside,0,1,3,0.5,1
2020,709,4.7543,0,0.769861,Outside,0,0,3,0,0
2020,710,4.75441,0,0.76987,Outside,0,0,4,0,0
2020,711,4.75297,0,0.76988,Outside,0,0,4,0,0
2020,712,1.03427,0,0.163399,Outside,0,0,5,0,0
2020,713,4.75425,0,0.769973,Outside,0,1,4,0.25,0
2020,714,4.75434,0,0.769983,Outside,0,3,4,0.75,1
2020,715,4.75443,0,0.76999,Outside,0,1,4,0.25,0
2020,716,4.75452,0,0.769998,Outside,0,0,4,0,0
2020,717,4.75462,0,0.770005,Outside,0,1,4,0.25,0
2020,718,4.75471,0,0.770013,Outside,0,0,4,0,0
2020,719,4.7548,0,0.77002,Outside,0,1,4,0.25,0
2020,720,4.7549,0,0.770028,Outside,0,1,2,0.75,1
2020,721,4.755,0,0.770036,Outside,0,0,3,0,0
2020,722,4.7551,0,0.770044,Outside,0,0,3,0,0
2020,723,4.7552,0,0.770053,Outside,0,0,2,0,0
2020,724,4.7553,0,0.770061,Outside,0,1,4,0.25,0
2020,725,4.75541,0,0.770069,Outside,0,0,3,0,0
2020,726,4.75552,0,0.770078,Outside,0,0,4,0,0
2020,727,4.75562,0,0.770087,Outside,0,0,4,0,0
2020,728,4.75573,0,0.770096,Outside,0,0,4,0,0
2020,729,4.75584,0,0.770105,Outside,0,1,3,0.5,1
2020,730,3.95225,0,0.640183,Outside,0,0,3,0,0
2020,731,4.75586,0,0.770222,Outside,0,0,3,0,0
2020,732,4.75595,0,0.770232,Outside,0,2,3,1,1
2020,733,4.75605,0,0.770239,Outside,0,0,3,0,0
2020,734,4.75614,0,0.770247,Outside,0,1,3,0.5,1
2020,735,4.75624,0,0.770254,Outside,0,0,2,0,0
2020,736,4.75633,0,0.770262,Outside,0,0,2,0,0
2020,737,4.75643,0,0.77027,Outside,0,0,3,0,0
2020,738,4.75653,0,0.770278,Outside,0,1,2,0.75,1
2020,739,4.75663,0,0.770287,Outside,0,2,2,1.5,2
2020,740,4.75674,0,0.770295,Outside,0,1,2,0.75,1
2020,741,4.75684,0,0.770303,Outside,0,2,2,1.5,2
2020,742,4.75695,0,0.770312,Outside,0,0,2,0,0
2020,743,4.75706,0,0.770321,Outside,0,0,2,0,0
2020,744,4.70216,0,0.77033,Outside,0,0,2,0,0
2020,745,4.75728,0,0.770339,Outside,0,0,2,0,0
2020,746,2.86395,0,0.485781,Outside,0,0,2,0,0
2020,747,4.75748,0,0.77047,Outside,0,0,3,0,0
2020,748,4.75757,0,0.770481,Outside,0,0,3,0,0
2020,749,4.75767,0,0.770488,Outside,0,0,3,0,0
2020,750,4.75776,0,0.770496,Outside,0,0,3,0,0
2020,751,4.75786,0,0.770504,Outside,0,1,2,0.75,1
2020,752,4.75796,0,0.770512,Outside,0,3,2,2.25,2
2020,753,4.75807,0,0.77052,Outside,1,1,1,1,2
2020,754,4.75817,0,0.770529,Outside,0,0,1,0,0
2020,755,4.75827,0,0.770537,Outside,0,1,2,0.75,1
2020,756,4.75838,0,0.770546,Outside,0,1,2,0.75,1
2020,757,4.75849,0,0.770555,Outside,0,0,3,0,0
2020,758,4.03596,0,0.643395,Outside,1,0,3,0,1
2020,759,4.75871,0,0.770573,Outside,0,0,3,0,0
2020,760,1.81207,0,0.316514,Outside,0,0,2,0,0
2020,761,4.75891,0,0.770704,Outside,0,0,3,0,0
2020,762,4.759,0,0.770714,Outside,2,0,3,0,2
2020,763,4.7591,0,0.770722,Outside,0,0,3,0,0
2020,764,4.7592,0,0.77073,Outside,0,1,3,0.5,1
2020,765,4.75929,0,0.770738,Outside,0,2,2,1.5,2
2020,766,4.75939,0,0.770746,Outside,0,1,3,0.5,1
2020,767,4.7595,0,0.770754,Outside,0,1,1,1,1
2020,768,4.7596,0,0.770763,Outside,0,0,1,0,0
2020,769,4.7597,0,0.770771,Outside,0,0,1,0,0
2020,770,4.75981,0,0.77078,Outside,0,0,1,0,0
2020,771,4.75992,0,0.770788,Outside,0,1,2,0.75,1
2020,772,3.94252,0,0.655346,Outside,0,1,2,0.75,1
2020,773,2.80619,0,0.487811,Outside,0,0,3,0,0
2020,774,4.76034,0,0.770937,Outside,0,0,3,0,0
2020,775,4.76043,0,0.770948,Outside,0,0,3,0,0
2020,776,4.76053,0,0.770956,Outside,1,1,3,0.5,2
2020,777,4.76063,0,0.770964,Outside,0,0,3,0,0
2020,778,4.76072,0,0.770972,Outside,0,0,4,0,0
2020,779,4.76083,0,0.77098,Outside,0,0,2,0,0
2020,780,4.76093,0,0.770988,Outside,2,1,2,0.75,3
2020,781,4.76103,0,0.770997,Outside,0,0,1,0,0
2020,782,4.76114,0,0.771005,Outside,0,0,2,0,0
2020,783,4.76124,0,0.771014,Outside,0,0,3,0,0
2020,784,4.76135,0,0.771022,Outside,0,0,3,0,0
2020,785,3.91568,0,0.762321,Outside,0,0,3,0,0
2020,786,0.39226,0,0.0630234,Outside,0,0,5,0,0
2020,787,4.76177,0,0.771171,Outside,0,0,3,0,0
2020,788,4.76186,0,0.771182,Outside,0,1,3,0.5,1
2020,789,4.76196,0,0.77119,Outside,0,0,3,0,0
2020,790,4.76206,0,0.771197,Outside,0,0,3,0,0
2020,791,4.76216,0,0.771205,Outside,0,1,2,0.75,1
2020,792,4.76226,0,0.771214,Outside,0,2,2,1.5,2
2020,793,4.76236,0,0.771222,Outside,0,0,3,0,0
2020,794,4.76246,0,0.77123,Outside,0,4,1,4,4
2020,795,4.76257,0,0.771239,Outside,0,0,2,0,0
2020,796,4.76267,0,0.771247,Outside,0,0,2,0,0
2020,797,4.76278,0,0.771256,Outside,0,0,3,0,0
2020,798,4.56447,0,0.771265,Outside,0,0,3,0,0
2020,799,0.53615,0,0.0799594,Outside,0,0,5,0,0
2020,800,4.76329,0,0.771413,Outside,0,0,4,0,0
2020,801,4.76339,0,0.771423,Outside,0,0,3,0,0
2020,802,4.76349,0,0.771431,Outside,0,1,3,0.5,1
2020,803,4.76358,0,0.771439,Outside,0,1,3,0.5,1
2020,804,4.76369,0,0.771447,Outside,0,0,3,0,0
2020,805,4.76379,0,0.771456,Outside,2,0,2,0,2
2020,806,4.76389,0,0.771464,Outside,0,1,2,0.75,1
2020,807,4.764,0,0.771473,Outside,0,0,2,0,0
2020,808,4.7641,0,0.771481,Outside,0,0,1,0,0
2020,809,4.76421,0,0.77149,Outside,0,1,2,0.75,1
2020,810,3.69279,0,0.564781,Outside,0,0,2,0,0
2020,811,2.48954,0,0.376051,Outside,0,0,5,0,0
2020,812,4.76472,0,0.771646,Outside,0,1,3,0.5,1
2020,813,4.76482,0,0.771657,Outside,0,0,3,0,0
2020,814,4.76492,0,0.771665,Outside,0,0,3,0,0
2020,815,4.76501,0,0.771673,Outside,0,0,2,0,0
2020,816,4.76511,0,0.771681,Outside,0,3,2,2.25,2
2020,817,4.76522,0,0.771689,Outside,0,0,3,0,0
2020,818,4.76532,0,0.771698,Outside,0,1,2,0.75,1
2020,819,4.76543,0,0.771706,Outside,0,0,3,0,0
2020,820,4.76553,0,0.771715,Outside,0,0,3,0,0
2020,821,4.76564,0,0.771723,Outside,0,0,2,0,0
2020,822,4.46662,0,0.726165,Outside,0,0,3,0,0
2020,823,4.76615,0,0.77188,Outside,0,0,2,0,0
2020,824,4.76625,0,0.77189,Outside,0,0,2,0,0
2020,825,4.76634,0,0.771898,Outside,0,0,3,0,0
2020,826,4.76644,0,0.771906,Outside,0,0,2,0,0
2020,827,4.76654,0,0.771914,Outside,0,1,2,0.75,1
2020,828,4.76665,0,0.771923,Outside,0,0,3,0,0
2020,829,4.76675,0,0.771931,Outside,0,0,2,0,0
2020,830,4.76686,0,0.77194,Outside,0,1,3,0.5,1
2020,831,4.76696,0,0.771948,Outside,0,0,3,0,0
2020,832,4.76707,0,0.771957,Outside,0,0,2,0,0
2020,833,4.76718,0,0.771964,Outside,0,0,2,0,0
2020,834,4.76758,0,0.772113,Outside,0,0,3,0,0
2020,835,4.76767,0,0.772124,Outside,0,0,2,0,0
2020,836,4.76777,0,0.772132,Outside,0,0,3,0,0
2020,837,4.76787,0,0.77214,Outside,0,0,3,0,0
2020,838,4.76797,0,0.772148,Outside,0,0,3,0,0
2020,839,4.76808,0,0.772156,Outside,0,0,3,0,0
2020,840,4.76818,0,0.772165,Outside,0,0,3,0,0
2020,841,4.76828,0,0.772173,Outside,0,0,2,0,0
2020,842,4.76839,0,0.772182,Outside,0,0,2,0,0
2020,843,4.7685,0,0.77219,Outside,0,0,3,0,0
2020,844,4.76861,0,0.772198,Outside,0,0,3,0,0
2020,845,4.76901,0,0.772346,Outside,0,0,2,0,0
2020,846,4.7691,0,0.772357,Outside,0,0,3,0,0
2020,847,4.7692,0,0.772365,Outside,0,0,3,0,0
2020,848,4.7693,0,0.772373,Outside,0,0,2,0,0
2020,849,4.7694,0,0.772381,Outside,1,0,3,0,1
2020,850,4.7695,0,0.77239,Outside,0,0,3,0,0
2020,851,4.76961,0,0.772398,Outside,0,0,3,0,0
2020,852,4.76971,0,0.772407,Outside,0,0,3,0,0
2020,853,4.76982,0,0.772415,Outside,0,0,3,0,0
2020,854,4.76993,0,0.772422,Outside,0,0,4,0,0
2020,855,4.77043,0,0.77258,Outside,0,0,3,0,0
2020,856,4.77053,0,0.77259,Outside,0,0,2,0,0
2020,857,4.77063,0,0.772598,Outside,0,0,3,0,0
2020,858,4.77073,0,0.772606,Outside,0,0,3,0,0
2020,859,4.77083,0,0.772615,Outside,0,0,2,0,0
2020,860,4.77093,0,0.772623,Outside,0,0,3,0,0
2020,861,4.77104,0,0.772631,Outside,0,0,2,0,0
2020,862,4.77114,0,0.77264,Outside,0,0,4,0,0
2020,863,4.77125,0,0.772649,Outside,0,0,2,0,0
2020,864,4.64328,0,0.73032,Outside,0,0,3,0,0
2020,865,4.77186,0,0.772813,Outside,0,0,3,0,0
2020,866,4.77196,0,0.772824,Outside,0,0,3,0,0
2020,867,4.77206,0,0.772831,Outside,0,0,3,0,0
2020,868,4.77215,0,0.77284,Outside,0,0,3,0,0
2020,869,4.77226,0,0.772848,Outside,0,0,3,0,0
2020,870,4.77236,0,0.772856,Outside,0,0,3,0,0
2020,871,4.77246,0,0.772865,Outside,0,0,2,0,0
2020,872,3.7777,0,0.531964,Outside,0,0,4,0,0
2020,873,4.74694,0,0.756022,Outside,0,0,3,0,0
2020,874,4.13633,0,0.697136,Outside,0,0,3,0,0
2020,875,4.75482,0,0.773054,Outside,0,0,3,0,0
2020,876,4.77348,0,0.773065,Outside,0,0,4,0,0
2020,877,4.45427,0,0.773073,Outside,0,0,2,0,0
2020,878,4.7045,0,0.763781,Outside,0,0,3,0,0
2020,879,4.77379,0,0.773089,Outside,0,0,2,0,0
2020,880,4.33901,0,0.771591,Outside,0,0,3,0,0
2020,881,2.90361,0,0.424361,Outside,0,0,3,0,0
2020,882,2.69149,0,0.458601,Outside,0,0,3,0,0
2020,883,4.58128,0,0.756566,Outside,0,0,3,0,0
2020,884,2.36514,0,0.374726,Outside,0,0,3,0,0
2020,885,3.77255,0,0.674405,Outside,0,0,2,0,0
2020,886,4.77511,0,0.773314,Outside,0,0,3,0,0
2020,887,4.04811,0,0.773064,Outside,0,0,3,0,0
2020,888,1.15038,0,0.0837334,Outside,0,0,4,0,0
2020,889,0.46815,0,0,Outside,0,0,3,0,0
2020,890,1.72167,0,0.297721,Outside,0,0,3,0,0
2020,891,2.60734,0,0.539091,Outside,0,0,3,0,0
2020,892,1.92636,0,0.157038,Outside,0,0,5,0,0
2020,893,0.37841,0,0,Outside,0,0,5,0,0
